metric,target,rho,p,p_ess,p_perm,n,n_eff,ci_lo,ci_hi,p_boot,q,q_perm,q_ess,survive,survive_perm,survive_ess,survive_dual
cover_dom_pct,lst_abs,0.354,0.05986305621748065,0.08359876883967277,0.0646,29,24.9,-0.435,0.726,0.5659,0.2112813748852258,0.228,0.28592345235987815,False,False,False,False
cover_dom_pct,dlst_v3m,0.417,0.02433367156989575,0.024333671569895684,0.023,29,29.0,-0.291,0.645,0.1536,0.10428716387098179,0.10615384615384614,0.1564900649816972,False,False,False,False
cover_dom_pct,cov85_4p,-0.234,0.22254422106694707,0.24735890480607467,0.2358,29,26.3,-0.449,0.153,0.1182,0.5009781364331429,0.5244444444444445,0.5300547960130172,False,False,False,False
cover_dom_pct,rsrp_p10_4p,-0.212,0.26948373070246606,0.2862945431612474,0.3019,29,27.2,-0.501,0.202,0.1836,0.5215814142628376,0.5509999999999999,0.5795166908394648,False,False,False,False
elong_fd,lst_abs,-0.027,0.8901379190760841,0.9015807380814271,0.8934,28,22.9,-0.485,0.369,0.887,0.9613974326031511,0.9625714285714285,0.9659793622301004,False,False,False,False
elong_fd,dlst_v3m,0.07,0.7242120134448486,0.7242120134448486,0.7351,28,28.0,-0.351,0.503,0.7309,0.9094974914511895,0.9103333333333333,0.9113020150525544,False,False,False,False
elong_fd,cov85_4p,-0.282,0.1461061922306959,0.17671611948577767,0.157,28,24.5,-0.684,0.287,0.3254,0.3506548613536702,0.3768,0.449496561511785,False,False,False,False
elong_fd,rsrp_p10_4p,-0.202,0.3019808039669948,0.32845516701936717,0.3066,28,25.4,-0.608,0.215,0.3474,0.5285106694972774,0.5509999999999999,0.5971912127624858,False,False,False,False
compact_fd,lst_abs,-0.303,0.11656281644508865,0.1724048560729334,0.1238,28,21.8,-0.64,0.058,0.0874,0.33303661841453897,0.3537142857142857,0.449496561511785,False,False,False,False
compact_fd,dlst_v3m,-0.129,0.5142903876484839,0.5250871879304013,0.5268,28,26.7,-0.506,0.18,0.3821,0.7343096689261909,0.7385333333333333,0.7684202750200995,False,False,False,False
compact_fd,cov85_4p,-0.444,0.01785699470695609,0.03246838046106429,0.0214,28,23.3,-0.701,0.049,0.07,0.09317428585758508,0.10615384615384614,0.16528014839997676,False,False,False,False
compact_fd,rsrp_p10_4p,-0.455,0.015074663312793345,0.025378391521109895,0.0152,28,24.1,-0.693,0.002,0.052,0.09044797987676008,0.0912,0.1564900649816972,False,False,False,False
edge_den_m_ha,lst_abs,0.385,0.043167377228116206,0.07636997833606886,0.0495,28,22.1,-0.009,0.747,0.056,0.17266950891246483,0.198,0.28592345235987815,False,False,False,False
edge_den_m_ha,dlst_v3m,0.294,0.12826174265435325,0.13525937524794363,0.137,28,27.1,-0.083,0.668,0.116,0.34264246595612075,0.36949999999999994,0.40577812574383093,False,False,False,False
edge_den_m_ha,cov85_4p,0.225,0.25019433815370185,0.29538349802090125,0.2564,28,23.6,-0.227,0.605,0.3408,0.5176434582490382,0.5304827586206897,0.5795166908394648,False,False,False,False
edge_den_m_ha,rsrp_p10_4p,0.201,0.30506384315653606,0.34173721114048766,0.318,28,24.4,-0.181,0.495,0.3214,0.5285106694972774,0.5509999999999999,0.6030656667185077,False,False,False,False
patch_den,lst_abs,0.121,0.5388693344122616,0.5622380519362971,0.5407,28,25.2,-0.184,0.464,0.5048,0.7343096689261909,0.7385333333333333,0.7819925705552587,False,False,False,False
patch_den,dlst_v3m,0.026,0.8973042704296077,0.8973042704296086,0.8984,28,28.0,-0.384,0.45,0.8556,0.9613974326031511,0.9625714285714285,0.9659793622301004,False,False,False,False
patch_den,cov85_4p,0.173,0.3778639162604351,0.3881153537429248,0.3934,28,26.9,-0.21,0.418,0.3868,0.5760882317491729,0.60555,0.612813716436197,False,False,False,False
patch_den,rsrp_p10_4p,0.332,0.08474114783210172,0.08577703570796345,0.0892,28,27.8,-0.167,0.62,0.1687,0.26760362473295285,0.2886315789473684,0.28592345235987815,False,False,False,False
lps_pct,lst_abs,0.058,0.771279409812546,0.7892925705958733,0.7767,28,24.0,-0.338,0.497,0.7369,0.9094974914511895,0.9103333333333333,0.9113020150525544,False,False,False,False
lps_pct,dlst_v3m,0.233,0.23378979700213337,0.23378979700213312,0.2451,28,28.0,-0.189,0.656,0.3261,0.5009781364331429,0.5252142857142857,0.5300547960130172,False,False,False,False
lps_pct,cov85_4p,-0.362,0.058448702425780735,0.07097730039199746,0.0618,28,25.7,-0.589,-0.103,0.0107,0.2112813748852258,0.228,0.28390920156798977,False,False,False,False
lps_pct,rsrp_p10_4p,-0.334,0.08281324414922983,0.09185165229140503,0.0914,28,26.6,-0.643,0.101,0.112,0.26760362473295285,0.2886315789473684,0.29005784934127904,False,False,False,False
elev_m,lst_abs,-0.531,0.0030670019177590243,0.026081677496949535,0.0039,29,17.5,-0.848,0.015,0.0574,0.023002514383192684,0.029249999999999998,0.1564900649816972,True,True,False,False
elev_m,dlst_v3m,-0.126,0.5133066426982857,0.581554340101489,0.5209,29,21.3,-0.45,0.308,0.5842,0.7343096689261909,0.7385333333333333,0.7819925705552587,False,False,False,False
elev_m,cov85_4p,0.192,0.3171064016983665,0.4374917257986821,0.3306,29,18.5,-0.246,0.515,0.3855,0.5285106694972774,0.5509999999999999,0.6562375886980232,False,False,False,False
elev_m,rsrp_p10_4p,0.121,0.5312218874937471,0.6204565859768689,0.5479,29,19.1,-0.292,0.478,0.6716,0.7343096689261909,0.7385333333333333,0.8092911991002637,False,False,False,False
relief_m,lst_abs,-0.54,0.002506624649128115,0.009656667374315683,0.003,29,21.9,-0.724,-0.223,0.0033,0.021485354135383845,0.025714285714285714,0.08277143463699156,True,True,False,True
relief_m,dlst_v3m,0.01,0.9606198936451168,0.9622937931816629,0.9605,29,26.8,-0.329,0.293,0.8916,0.9794209325674625,0.9787118644067797,0.9816961405616811,False,False,False,False
relief_m,cov85_4p,-0.689,3.577216046234188e-05,0.00026015513632368284,0.0001,29,23.2,-0.855,-0.402,0.0007,0.0007154432092468377,0.002,0.005203102726473657,True,True,True,True
relief_m,rsrp_p10_4p,-0.665,8.196981964051694e-05,0.0003937837020753903,0.0003,29,24.0,-0.819,-0.389,0.0,0.001229547294607754,0.0036,0.005906755531130855,True,True,True,True
slope_deg,lst_abs,-0.283,0.13705698638244831,0.22136582247102196,0.1478,29,20.4,-0.633,0.185,0.1947,0.34264246595612075,0.36949999999999994,0.5300547960130172,False,False,False,False
slope_deg,dlst_v3m,0.206,0.28338210554453996,0.3233078627073264,0.2947,29,25.0,-0.136,0.437,0.2094,0.5285106694972774,0.5509999999999999,0.5971912127624858,False,False,False,False
slope_deg,cov85_4p,-0.798,2.120932071836486e-07,1.0520900300860856e-05,0.0001,29,21.6,-0.911,-0.521,0.0007,6.362796215509458e-06,0.002,0.0003156270090258257,True,True,True,True
slope_deg,rsrp_p10_4p,-0.819,5.7335844268206135e-08,2.6723154439275862e-06,0.0001,29,22.3,-0.894,-0.635,0.0,3.440150656092368e-06,0.002,0.00016033892663565517,True,True,True,True
southness,lst_abs,-0.285,0.13346475275347244,0.17979862460471402,0.1421,29,23.7,-0.593,-0.02,0.036,0.34264246595612075,0.36949999999999994,0.449496561511785,False,False,False,False
southness,dlst_v3m,-0.168,0.3840588211661153,0.3846414626041098,0.4037,29,28.9,-0.52,0.227,0.4195,0.5760882317491729,0.60555,0.612813716436197,False,False,False,False
southness,cov85_4p,-0.06,0.7581129400956729,0.7764136439723238,0.762,29,25.0,-0.528,0.349,0.7142,0.9094974914511895,0.9103333333333333,0.9113020150525544,False,False,False,False
southness,rsrp_p10_4p,0.212,0.26915527042096565,0.29941695693372344,0.2708,29,25.9,-0.347,0.627,0.4948,0.5215814142628376,0.5416,0.5795166908394648,False,False,False,False
ns_asym_m,lst_abs,-0.186,0.3341275334392057,0.3768165532185864,0.3437,29,24.7,-0.471,0.153,0.2601,0.5418284326041174,0.5573513513513514,0.612813716436197,False,False,False,False
ns_asym_m,dlst_v3m,-0.115,0.5507906658281119,0.5507906658281112,0.5539,29,29.0,-0.47,0.3,0.5695,0.7343096689261909,0.7385333333333333,0.7819925705552587,False,False,False,False
ns_asym_m,cov85_4p,-0.011,0.9548025018719758,0.9573372968295212,0.9521,29,26.1,-0.449,0.402,0.8243,0.9794209325674625,0.9787118644067797,0.9816961405616811,False,False,False,False
ns_asym_m,rsrp_p10_4p,0.231,0.2276343920390322,0.24624986042823763,0.236,29,27.0,-0.196,0.541,0.2921,0.5009781364331429,0.5244444444444445,0.5300547960130172,False,False,False,False
tsvf,lst_abs,0.312,0.09971168431545414,0.16693622467726446,0.1058,29,21.2,-0.196,0.674,0.1934,0.29913505294636245,0.3174,0.449496561511785,False,False,False,False
tsvf,dlst_v3m,-0.009,0.9630972503580048,0.9653345382189864,0.9624,29,25.9,-0.344,0.336,0.9797,0.9794209325674625,0.9787118644067797,0.9816961405616811,False,False,False,False
tsvf,cov85_4p,0.434,0.018634857171517017,0.04148149770293136,0.0205,29,22.4,0.072,0.712,0.0147,0.09317428585758508,0.10615384615384614,0.19145306632122164,False,False,False,False
tsvf,rsrp_p10_4p,0.419,0.02373129025019476,0.045945911626841834,0.0295,29,23.1,0.074,0.661,0.02,0.10428716387098179,0.12642857142857142,0.19691104982932214,False,False,False,False
forest_ring_pct,lst_abs,-0.471,0.009855025856370788,0.03305602967999535,0.0108,29,20.6,-0.791,0.028,0.0654,0.06570017237580525,0.07200000000000001,0.16528014839997676,False,False,False,False
forest_ring_pct,dlst_v3m,-0.06,0.7572271045023194,0.7750878617335024,0.7583,29,25.1,-0.457,0.246,0.7122,0.9094974914511895,0.9103333333333333,0.9113020150525544,False,False,False,False
forest_ring_pct,cov85_4p,-0.644,0.00016157484154174427,0.0012993473134409379,0.0003,29,21.8,-0.861,-0.274,0.0053,0.0019388980985009315,0.0036,0.015592167761291253,True,True,True,True
forest_ring_pct,rsrp_p10_4p,-0.59,0.000760093876312832,0.0034600362230030653,0.0004,29,22.5,-0.758,-0.315,0.0,0.00760093876312832,0.004,0.03460036223003065,True,True,True,True
water_mean_m,lst_abs,-0.193,0.3153681546314896,0.360051223582744,0.3266,29,24.5,-0.529,0.124,0.2454,0.5285106694972774,0.5509999999999999,0.612813716436197,False,False,False,False
water_mean_m,dlst_v3m,-0.05,0.7969649550635822,0.7969649550635819,0.8012,29,29.0,-0.465,0.329,0.6976,0.9094974914511895,0.9103333333333333,0.9113020150525544,False,False,False,False
water_mean_m,cov85_4p,0.112,0.5629707461767464,0.586494427916444,0.5694,29,25.9,-0.128,0.424,0.3561,0.7343096689261909,0.7426956521739131,0.7819925705552587,False,False,False,False
water_mean_m,rsrp_p10_4p,-0.002,0.9918613750301127,0.9922073630371889,0.9921,29,26.8,-0.315,0.374,0.8976,0.9918613750301127,0.9921,0.9922073630371889,False,False,False,False
water_min_m,lst_abs,-0.168,0.3840203951841496,0.42353831266695485,0.397,29,24.9,-0.562,0.202,0.4575,0.5760882317491729,0.60555,0.6515974041030075,False,False,False,False
water_min_m,dlst_v3m,-0.044,0.8201718135472988,0.820171813547299,0.8193,29,29.0,-0.46,0.356,0.7856,0.9113020150525543,0.9103333333333333,0.9113020150525544,False,False,False,False
water_min_m,cov85_4p,0.048,0.8033894507818841,0.8133669715050302,0.8095,29,26.3,-0.229,0.423,0.7002,0.9094974914511895,0.9103333333333333,0.9113020150525544,False,False,False,False
water_min_m,rsrp_p10_4p,-0.055,0.7769471921826063,0.7844400728280457,0.7767,29,27.2,-0.374,0.356,0.7402,0.9094974914511895,0.9103333333333333,0.9113020150525544,False,False,False,False
