pair,block_deg,origin,n_blocks,n_seed_excl0,ci_lo_min,ci_lo_max,ci_hi_min,ci_hi_max,borderline
tsvf~lst_abs,0.1,0.0,19,20,0.117,0.176,0.765,0.785,False
tsvf~lst_abs,0.1,0.05,18,20,0.06,0.148,0.756,0.785,False
tsvf~lst_abs,0.15,0.0,14,20,0.035,0.119,0.755,0.779,False
tsvf~lst_abs,0.15,0.05,13,20,0.142,0.219,0.725,0.757,False
tsvf~lst_abs,0.2,0.0,12,9,-0.068,0.053,0.772,0.801,True
tsvf~lst_abs,0.2,0.05,10,15,-0.022,0.052,0.78,0.862,True
tsvf~cov85_4p,0.1,0.0,19,20,0.245,0.305,0.71,0.724,False
tsvf~cov85_4p,0.1,0.05,18,20,0.258,0.317,0.763,0.797,False
tsvf~cov85_4p,0.15,0.0,14,20,0.333,0.379,0.707,0.739,False
tsvf~cov85_4p,0.15,0.05,13,20,0.228,0.291,0.706,0.731,False
tsvf~cov85_4p,0.2,0.0,12,20,0.068,0.184,0.708,0.739,False
tsvf~cov85_4p,0.2,0.05,10,20,0.006,0.174,0.779,0.816,False
tsvf~rsrp_p10_4p,0.1,0.0,19,20,0.119,0.184,0.733,0.769,False
tsvf~rsrp_p10_4p,0.1,0.05,18,20,0.184,0.242,0.711,0.747,False
tsvf~rsrp_p10_4p,0.15,0.0,14,20,0.219,0.269,0.69,0.715,False
tsvf~rsrp_p10_4p,0.15,0.05,13,20,0.141,0.2,0.742,0.775,False
tsvf~rsrp_p10_4p,0.2,0.0,12,16,-0.027,0.058,0.731,0.76,True
tsvf~rsrp_p10_4p,0.2,0.05,10,20,0.032,0.167,0.691,0.746,False
forest_ring_pct~cov85_4p,0.1,0.0,19,20,-0.89,-0.871,-0.446,-0.395,False
forest_ring_pct~cov85_4p,0.1,0.05,18,20,-0.91,-0.895,-0.498,-0.456,False
forest_ring_pct~cov85_4p,0.15,0.0,14,20,-0.912,-0.898,-0.519,-0.483,False
forest_ring_pct~cov85_4p,0.15,0.05,13,20,-0.907,-0.88,-0.463,-0.365,False
forest_ring_pct~cov85_4p,0.2,0.0,12,20,-0.903,-0.876,-0.416,-0.324,False
forest_ring_pct~cov85_4p,0.2,0.05,10,20,-0.955,-0.926,-0.489,-0.411,False
forest_ring_pct~lst_abs,0.1,0.0,19,20,-0.879,-0.857,-0.367,-0.28,False
forest_ring_pct~lst_abs,0.1,0.05,18,20,-0.87,-0.846,-0.384,-0.337,False
forest_ring_pct~lst_abs,0.15,0.0,14,20,-0.901,-0.876,-0.29,-0.196,False
forest_ring_pct~lst_abs,0.15,0.05,13,20,-0.893,-0.872,-0.435,-0.384,False
forest_ring_pct~lst_abs,0.2,0.0,12,20,-0.893,-0.875,-0.33,-0.262,False
forest_ring_pct~lst_abs,0.2,0.05,10,20,-0.971,-0.942,-0.367,-0.285,False
slope_deg~cov85_4p,0.1,0.0,19,20,-0.933,-0.922,-0.659,-0.611,False
slope_deg~cov85_4p,0.1,0.05,18,20,-0.937,-0.927,-0.708,-0.683,False
slope_deg~cov85_4p,0.15,0.0,14,20,-0.94,-0.926,-0.717,-0.689,False
slope_deg~cov85_4p,0.15,0.05,13,20,-0.942,-0.925,-0.68,-0.636,False
slope_deg~cov85_4p,0.2,0.0,12,20,-0.939,-0.926,-0.671,-0.615,False
slope_deg~cov85_4p,0.2,0.05,10,20,-0.971,-0.949,-0.703,-0.659,False
relief_m~lst_abs,0.1,0.0,19,20,-0.874,-0.857,-0.403,-0.336,False
relief_m~lst_abs,0.1,0.05,18,20,-0.849,-0.825,-0.434,-0.394,False
relief_m~lst_abs,0.15,0.0,14,20,-0.854,-0.835,-0.41,-0.36,False
relief_m~lst_abs,0.15,0.05,13,20,-0.861,-0.841,-0.411,-0.359,False
relief_m~lst_abs,0.2,0.0,12,20,-0.877,-0.856,-0.307,-0.235,False
relief_m~lst_abs,0.2,0.05,10,20,-0.894,-0.85,-0.483,-0.444,False
relief_m~dlst_v3m,0.1,0.0,19,0,-0.564,-0.529,0.05,0.088,False
relief_m~dlst_v3m,0.1,0.05,18,0,-0.547,-0.504,0.022,0.095,False
relief_m~dlst_v3m,0.15,0.0,14,0,-0.557,-0.519,0.036,0.081,False
relief_m~dlst_v3m,0.15,0.05,13,0,-0.552,-0.49,0.056,0.117,False
relief_m~dlst_v3m,0.2,0.0,12,0,-0.606,-0.541,0.028,0.062,False
relief_m~dlst_v3m,0.2,0.05,10,20,-0.695,-0.575,-0.08,-0.051,False
water_min_m~lst_abs,0.1,0.0,19,20,-0.715,-0.686,-0.098,-0.009,False
water_min_m~lst_abs,0.1,0.05,18,20,-0.715,-0.687,-0.15,-0.056,False
water_min_m~lst_abs,0.15,0.0,14,20,-0.716,-0.683,-0.134,-0.051,False
water_min_m~lst_abs,0.15,0.05,13,19,-0.736,-0.701,-0.064,0.006,True
water_min_m~lst_abs,0.2,0.0,12,18,-0.739,-0.705,-0.089,0.007,True
water_min_m~lst_abs,0.2,0.05,10,18,-0.79,-0.749,-0.062,0.02,True
built_dom_ha~lst_abs,0.1,+0.0,19,20,0.174,0.256,0.82,0.853,False
built_dom_ha~lst_abs,0.1,+0.05,18,20,0.27,0.317,0.8,0.827,False
built_dom_ha~lst_abs,0.15,+0.0,14,20,0.17,0.262,0.829,0.847,False
built_dom_ha~lst_abs,0.15,+0.05,13,20,0.328,0.363,0.788,0.815,False
built_dom_ha~lst_abs,0.2,+0.0,12,20,0.155,0.25,0.836,0.864,False
built_dom_ha~lst_abs,0.2,+0.05,10,20,0.24,0.302,0.855,0.896,False
cover_dom_pct~lst_abs,0.1,+0.0,19,20,0.233,0.315,0.847,0.873,False
cover_dom_pct~lst_abs,0.1,+0.05,18,20,0.315,0.367,0.824,0.845,False
cover_dom_pct~lst_abs,0.15,+0.0,14,20,0.238,0.298,0.848,0.875,False
cover_dom_pct~lst_abs,0.15,+0.05,13,20,0.315,0.374,0.821,0.844,False
cover_dom_pct~lst_abs,0.2,+0.0,12,20,0.186,0.277,0.876,0.896,False
cover_dom_pct~lst_abs,0.2,+0.05,10,20,0.22,0.273,0.89,0.91,False
cover_dom_pct~cov85_4p,0.1,+0.0,19,0,-0.177,-0.07,0.719,0.772,False
cover_dom_pct~cov85_4p,0.1,+0.05,18,0,-0.093,-0.001,0.723,0.766,False
cover_dom_pct~cov85_4p,0.15,+0.0,14,0,-0.115,-0.038,0.75,0.78,False
cover_dom_pct~cov85_4p,0.15,+0.05,13,0,-0.227,-0.06,0.728,0.761,False
cover_dom_pct~cov85_4p,0.2,+0.0,12,0,-0.209,-0.133,0.763,0.799,False
cover_dom_pct~cov85_4p,0.2,+0.05,10,20,0.017,0.096,0.742,0.822,False
compact_fd~dlst_v3m,0.1,+0.0,19,0,-0.403,-0.357,0.204,0.271,False
compact_fd~dlst_v3m,0.1,+0.05,18,0,-0.512,-0.455,0.305,0.356,False
compact_fd~dlst_v3m,0.15,+0.0,14,0,-0.521,-0.443,0.261,0.33,False
compact_fd~dlst_v3m,0.15,+0.05,13,0,-0.433,-0.389,0.253,0.323,False
compact_fd~dlst_v3m,0.2,+0.0,12,0,-0.43,-0.381,0.28,0.325,False
compact_fd~dlst_v3m,0.2,+0.05,10,0,-0.561,-0.48,0.261,0.339,False
edge_den_m_ha~cov85_4p,0.1,+0.0,19,0,-0.102,-0.026,0.703,0.748,False
edge_den_m_ha~cov85_4p,0.1,+0.05,18,11,-0.026,0.032,0.709,0.738,True
edge_den_m_ha~cov85_4p,0.15,+0.0,14,20,0.066,0.121,0.694,0.733,False
edge_den_m_ha~cov85_4p,0.15,+0.05,13,0,-0.115,-0.008,0.671,0.713,False
edge_den_m_ha~cov85_4p,0.2,+0.0,12,0,-0.22,-0.128,0.72,0.77,False
edge_den_m_ha~cov85_4p,0.2,+0.05,10,20,0.137,0.203,0.648,0.719,False
