village,cov85,cov95,rsrp_mean,rsrp_p10,n_sites,n_tgt,phase
Hongcun 宏村,100.0,100.0,-71.1,-74.1,49,365,p0_0
Xidi 西递,100.0,100.0,-77.6,-79.2,50,159,p0_0
Lucun 卢村,100.0,100.0,-78.2,-79.3,50,83,p0_0
Pingshan 屏山,100.0,100.0,-77.0,-78.2,49,220,p0_0
Nanping 南屏,100.0,100.0,-77.1,-78.3,51,160,p0_0
Guanlu 关麓,100.0,100.0,-76.6,-78.0,54,54,p0_0
Tachuan 塔川,100.0,100.0,-76.1,-78.0,52,33,p0_0
Bishan 碧山,100.0,100.0,-76.5,-78.2,52,310,p0_0
Chengkan 呈坎,100.0,100.0,-75.8,-78.4,49,192,p0_0
Tangmo 唐模,100.0,100.0,-75.6,-77.4,50,179,p0_0
Shuyuan 蜀源,90.7,96.0,-75.7,-76.5,47,75,p0_0
Lingshan 灵山,93.9,100.0,-75.5,-82.9,49,33,p0_0
Qiankou 潜口,100.0,100.0,-70.3,-74.8,49,333,p0_0
Yuliang 渔梁,71.0,96.0,-79.7,-88.2,49,631,p0_0
Tangyue 棠樾,100.0,100.0,-71.0,-72.6,48,175,p0_0
Xiongcun 雄村,98.0,100.0,-77.4,-78.7,49,102,p0_0
Xucun 许村,100.0,100.0,-73.0,-74.8,50,209,p0_0
Zhanqi 瞻淇,78.2,90.9,-83.8,-93.1,50,220,p0_0
Changxi 昌溪,89.3,97.7,-76.6,-85.1,49,215,p0_0
Shitan 石潭,95.0,96.7,-78.2,-80.6,48,60,p0_0
Zuyuan 祖源,72.7,93.9,-76.0,-92.4,48,33,p0_0
Mulihong 木梨硔,84.8,97.0,-82.5,-85.2,44,33,p0_0
Longchuan 龙川,98.5,100.0,-74.1,-76.8,51,200,p0_0
Renli 仁里,100.0,100.0,-71.7,-74.1,52,51,p0_0
Shangzhuang 上庄,100.0,100.0,-78.6,-79.8,51,324,p0_0
Kantou 磡头,100.0,100.0,-81.3,-83.2,20,149,p0_0
Lixi 历溪,89.9,99.6,-79.1,-85.0,45,268,p0_0
Zhukou 渚口,94.8,96.1,-76.9,-79.9,41,153,p0_0
Huansha 环砂,90.3,90.3,-79.4,-79.1,48,31,p0_0
Hongcun 宏村,100.0,100.0,-76.9,-79.9,52,365,p1250_0
Xidi 西递,99.4,99.4,-76.6,-78.0,53,159,p1250_0
Lucun 卢村,88.0,100.0,-75.5,-85.6,52,83,p1250_0
Pingshan 屏山,100.0,100.0,-61.9,-65.7,49,220,p1250_0
Nanping 南屏,100.0,100.0,-76.8,-77.9,51,160,p1250_0
Guanlu 关麓,100.0,100.0,-72.3,-73.7,50,54,p1250_0
Tachuan 塔川,100.0,100.0,-71.4,-74.2,51,33,p1250_0
Bishan 碧山,100.0,100.0,-76.7,-78.2,52,310,p1250_0
Chengkan 呈坎,99.5,100.0,-76.8,-78.5,51,192,p1250_0
Tangmo 唐模,100.0,100.0,-66.5,-68.8,48,179,p1250_0
Shuyuan 蜀源,90.7,92.0,-75.8,-75.6,49,75,p1250_0
Lingshan 灵山,63.6,72.7,-88.5,-106.0,50,33,p1250_0
Qiankou 潜口,99.7,100.0,-75.2,-77.9,51,333,p1250_0
Yuliang 渔梁,99.2,100.0,-71.5,-82.2,48,631,p1250_0
Tangyue 棠樾,99.4,100.0,-69.1,-73.2,48,175,p1250_0
Xiongcun 雄村,100.0,100.0,-70.3,-78.3,48,102,p1250_0
Xucun 许村,100.0,100.0,-76.4,-77.3,49,209,p1250_0
Zhanqi 瞻淇,91.8,95.0,-79.6,-84.7,50,220,p1250_0
Changxi 昌溪,49.8,100.0,-77.9,-88.6,48,215,p1250_0
Shitan 石潭,98.3,98.3,-76.8,-80.3,50,60,p1250_0
Zuyuan 祖源,12.1,75.8,-90.5,-97.1,49,33,p1250_0
Mulihong 木梨硔,42.4,100.0,-79.3,-92.1,43,33,p1250_0
Longchuan 龙川,100.0,100.0,-78.8,-80.9,49,200,p1250_0
Renli 仁里,37.3,41.2,-90.8,-100.7,51,51,p1250_0
Shangzhuang 上庄,100.0,100.0,-78.3,-79.0,51,324,p1250_0
Kantou 磡头,96.0,100.0,-76.6,-82.3,22,149,p1250_0
Lixi 历溪,100.0,100.0,-71.5,-75.0,45,268,p1250_0
Zhukou 渚口,91.5,91.5,-79.1,-84.6,41,153,p1250_0
Huansha 环砂,96.8,96.8,-78.8,-82.1,47,31,p1250_0
Hongcun 宏村,100.0,100.0,-75.3,-78.2,51,365,p0_1250
Xidi 西递,86.8,89.9,-77.9,-93.2,49,159,p0_1250
Lucun 卢村,100.0,100.0,-74.7,-76.1,50,83,p0_1250
Pingshan 屏山,100.0,100.0,-79.2,-80.3,51,220,p0_1250
Nanping 南屏,100.0,100.0,-75.2,-76.7,50,160,p0_1250
Guanlu 关麓,100.0,100.0,-78.4,-79.4,51,54,p0_1250
Tachuan 塔川,100.0,100.0,-75.0,-79.9,51,33,p0_1250
Bishan 碧山,100.0,100.0,-69.5,-73.0,51,310,p0_1250
Chengkan 呈坎,100.0,100.0,-78.1,-80.0,51,192,p0_1250
Tangmo 唐模,100.0,100.0,-77.0,-78.1,50,179,p0_1250
Shuyuan 蜀源,88.0,88.0,-78.9,-101.0,49,75,p0_1250
Lingshan 灵山,84.8,84.8,-78.3,-100.2,47,33,p0_1250
Qiankou 潜口,99.7,100.0,-74.9,-79.7,51,333,p0_1250
Yuliang 渔梁,76.7,81.3,-84.1,-104.1,51,631,p0_1250
Tangyue 棠樾,99.4,100.0,-73.6,-79.9,52,175,p0_1250
Xiongcun 雄村,100.0,100.0,-78.6,-79.6,51,102,p0_1250
Xucun 许村,100.0,100.0,-70.9,-73.6,51,209,p0_1250
Zhanqi 瞻淇,99.5,100.0,-76.8,-78.4,49,220,p0_1250
Changxi 昌溪,94.4,95.3,-77.8,-80.9,52,215,p0_1250
Shitan 石潭,100.0,100.0,-72.7,-83.2,51,60,p0_1250
Zuyuan 祖源,87.9,100.0,-74.8,-85.2,45,33,p0_1250
Mulihong 木梨硔,57.6,81.8,-84.1,-95.9,40,33,p0_1250
Longchuan 龙川,98.0,100.0,-79.7,-84.6,49,200,p0_1250
Renli 仁里,100.0,100.0,-69.8,-71.3,49,51,p0_1250
Shangzhuang 上庄,100.0,100.0,-75.7,-77.2,54,324,p0_1250
Kantou 磡头,94.0,100.0,-78.3,-83.3,22,149,p0_1250
Lixi 历溪,98.1,99.6,-79.0,-80.5,46,268,p0_1250
Zhukou 渚口,96.1,99.3,-79.8,-81.8,41,153,p0_1250
Huansha 环砂,96.8,100.0,-75.7,-84.7,46,31,p0_1250
Hongcun 宏村,100.0,100.0,-78.0,-80.5,53,365,p1250_1250
Xidi 西递,100.0,100.0,-73.0,-74.9,48,159,p1250_1250
Lucun 卢村,100.0,100.0,-70.4,-71.9,50,83,p1250_1250
Pingshan 屏山,100.0,100.0,-77.6,-80.1,51,220,p1250_1250
Nanping 南屏,100.0,100.0,-75.8,-77.6,52,160,p1250_1250
Guanlu 关麓,100.0,100.0,-73.0,-74.5,50,54,p1250_1250
Tachuan 塔川,93.9,100.0,-64.4,-75.1,50,33,p1250_1250
Bishan 碧山,99.4,100.0,-74.4,-77.6,53,310,p1250_1250
Chengkan 呈坎,100.0,100.0,-75.0,-79.0,51,192,p1250_1250
Tangmo 唐模,99.4,100.0,-76.9,-82.3,49,179,p1250_1250
Shuyuan 蜀源,90.7,90.7,-75.7,-81.6,48,75,p1250_1250
Lingshan 灵山,84.8,84.8,-80.0,-98.3,50,33,p1250_1250
Qiankou 潜口,99.7,100.0,-73.7,-76.6,51,333,p1250_1250
Yuliang 渔梁,98.1,99.7,-74.8,-80.2,50,631,p1250_1250
Tangyue 棠樾,98.3,100.0,-77.5,-78.6,48,175,p1250_1250
Xiongcun 雄村,100.0,100.0,-74.4,-77.3,49,102,p1250_1250
Xucun 许村,100.0,100.0,-77.3,-80.1,49,209,p1250_1250
Zhanqi 瞻淇,99.1,99.1,-72.4,-82.1,52,220,p1250_1250
Changxi 昌溪,98.1,98.1,-76.6,-77.4,49,215,p1250_1250
Shitan 石潭,50.0,50.0,-87.9,-102.2,50,60,p1250_1250
Zuyuan 祖源,81.8,90.9,-76.3,-92.8,46,33,p1250_1250
Mulihong 木梨硔,54.5,72.7,-85.2,-105.3,40,33,p1250_1250
Longchuan 龙川,100.0,100.0,-73.5,-74.8,52,200,p1250_1250
Renli 仁里,100.0,100.0,-71.5,-73.8,49,51,p1250_1250
Shangzhuang 上庄,100.0,100.0,-65.5,-68.6,51,324,p1250_1250
Kantou 磡头,98.0,100.0,-75.8,-81.3,25,149,p1250_1250
Lixi 历溪,88.8,94.0,-78.8,-87.1,45,268,p1250_1250
Zhukou 渚口,98.0,99.3,-78.3,-83.0,40,153,p1250_1250
Huansha 环砂,100.0,100.0,-76.0,-78.2,44,31,p1250_1250
