village,overpass_date,variant,dlst,n_core,n_ring,core_lst
Hongcun 宏村,2019-09-13,V1,4.95,79,820,39.13
Hongcun 宏村,2019-09-29,V1,0.665,79,820,30.91
Hongcun 宏村,2021-09-02,V1,-1.571,79,505,32.52
Hongcun 宏村,2021-09-18,V1,1.525,79,820,31.87
Hongcun 宏村,2024-07-24,V1,-2.145,79,792,32.69
Hongcun 宏村,2024-08-25,V1,3.713,79,820,38.51
Hongcun 宏村,2025-08-28,V1,6.518,79,820,40.73
Hongcun 宏村,2022-07-27,V1,-1.999,76,728,34.17
Hongcun 宏村,2025-06-17,V1,2.72,73,818,32.37
Hongcun 宏村,2019-09-13,V2,7.342,32,820,41.52
Hongcun 宏村,2019-09-29,V2,1.333,32,820,31.58
Hongcun 宏村,2021-09-02,V2,-2.087,32,505,32.0
Hongcun 宏村,2021-09-18,V2,2.643,32,820,32.99
Hongcun 宏村,2024-07-24,V2,-2.439,32,792,32.4
Hongcun 宏村,2024-08-25,V2,5.502,32,820,40.3
Hongcun 宏村,2025-08-28,V2,9.685,32,820,43.9
Hongcun 宏村,2022-07-27,V2,-2.462,31,728,33.71
Hongcun 宏村,2025-06-17,V2,4.29,32,818,33.94
Hongcun 宏村,2019-09-13,V3,4.779,79,79,39.13
Hongcun 宏村,2019-09-29,V3,0.268,79,79,30.91
Hongcun 宏村,2021-09-02,V3,-1.149,79,60,32.52
Hongcun 宏村,2021-09-18,V3,1.349,79,79,31.87
Hongcun 宏村,2024-07-24,V3,-1.732,79,68,32.69
Hongcun 宏村,2024-08-25,V3,3.548,79,79,38.51
Hongcun 宏村,2025-08-28,V3,6.385,79,79,40.73
Hongcun 宏村,2022-07-27,V3,-1.215,76,66,34.17
Hongcun 宏村,2025-06-17,V3,2.096,73,79,32.37
Xidi 西递,2019-09-13,V1,5.254,76,898,40.06
Xidi 西递,2019-09-29,V1,4.959,76,898,35.72
Xidi 西递,2021-09-18,V1,4.977,76,898,35.78
Xidi 西递,2024-08-25,V1,4.042,76,898,39.9
Xidi 西递,2025-08-28,V1,4.467,76,898,40.35
Xidi 西递,2025-06-17,V1,2.908,39,627,32.98
Xidi 西递,2019-09-13,V2,11.025,16,898,45.83
Xidi 西递,2019-09-29,V2,9.766,16,898,40.53
Xidi 西递,2021-09-18,V2,10.314,16,898,41.12
Xidi 西递,2024-08-25,V2,9.912,16,898,45.77
Xidi 西递,2025-08-28,V2,10.83,16,898,46.71
Xidi 西递,2025-06-17,V2,5.894,10,627,35.97
Xidi 西递,2019-09-13,V3,3.499,76,76,40.06
Xidi 西递,2019-09-29,V3,3.461,76,76,35.72
Xidi 西递,2021-09-18,V3,2.775,76,76,35.78
Xidi 西递,2024-08-25,V3,2.07,76,76,39.9
Xidi 西递,2025-08-28,V3,2.3,76,76,40.35
Xidi 西递,2025-06-17,V3,1.341,39,49,32.98
Lucun 卢村,2019-09-13,V1,2.106,81,839,35.58
Lucun 卢村,2019-09-29,V1,3.203,81,839,32.41
Lucun 卢村,2021-09-02,V1,0.322,78,556,33.76
Lucun 卢村,2021-09-18,V1,2.406,81,839,32.03
Lucun 卢村,2024-07-24,V1,0.083,81,820,33.95
Lucun 卢村,2024-08-25,V1,1.815,81,830,36.59
Lucun 卢村,2025-08-28,V1,2.054,81,839,36.27
Lucun 卢村,2022-07-27,V1,-0.108,58,644,34.66
Lucun 卢村,2025-06-17,V1,-0.782,81,823,28.36
Lucun 卢村,2019-09-13,V2,4.921,5,839,38.4
Lucun 卢村,2019-09-29,V2,4.393,5,839,33.6
Lucun 卢村,2021-09-02,V2,0.688,5,556,34.13
Lucun 卢村,2021-09-18,V2,4.783,5,839,34.41
Lucun 卢村,2024-07-24,V2,0.428,5,820,34.3
Lucun 卢村,2024-08-25,V2,3.636,5,830,38.41
Lucun 卢村,2025-08-28,V2,4.729,5,839,38.95
Lucun 卢村,2022-07-27,V2,-0.389,5,644,34.38
Lucun 卢村,2025-06-17,V2,-0.899,5,823,28.24
Lucun 卢村,2019-09-13,V3,1.011,81,81,35.58
Lucun 卢村,2019-09-29,V3,1.356,81,81,32.41
Lucun 卢村,2021-09-02,V3,0.289,78,46,33.76
Lucun 卢村,2021-09-18,V3,0.74,81,81,32.03
Lucun 卢村,2024-07-24,V3,0.493,81,81,33.95
Lucun 卢村,2024-08-25,V3,0.606,81,81,36.59
Lucun 卢村,2025-08-28,V3,0.291,81,81,36.27
Lucun 卢村,2022-07-27,V3,-0.26,58,80,34.66
Lucun 卢村,2025-06-17,V3,-1.638,81,74,28.36
Pingshan 屏山,2019-09-13,V1,1.248,78,842,37.67
Pingshan 屏山,2019-09-29,V1,0.417,78,842,33.1
Pingshan 屏山,2021-09-18,V1,1.258,78,842,33.95
Pingshan 屏山,2024-07-24,V1,-0.937,48,434,36.47
Pingshan 屏山,2024-08-25,V1,3.181,78,842,39.22
Pingshan 屏山,2025-08-28,V1,1.879,78,842,37.86
Pingshan 屏山,2022-07-27,V1,-2.008,19,352,37.69
Pingshan 屏山,2025-06-17,V1,3.462,78,821,34.85
Pingshan 屏山,2019-09-13,V2,4.419,18,842,40.84
Pingshan 屏山,2019-09-29,V2,2.986,18,842,35.67
Pingshan 屏山,2021-09-18,V2,3.959,18,842,36.65
Pingshan 屏山,2024-07-24,V2,-1.07,11,434,36.34
Pingshan 屏山,2024-08-25,V2,7.828,18,842,43.87
Pingshan 屏山,2025-08-28,V2,5.628,18,842,41.61
Pingshan 屏山,2025-06-17,V2,6.088,18,821,37.48
Pingshan 屏山,2019-09-13,V3,0.862,78,78,37.67
Pingshan 屏山,2019-09-29,V3,0.211,78,78,33.1
Pingshan 屏山,2021-09-18,V3,0.922,78,78,33.95
Pingshan 屏山,2024-07-24,V3,0.157,48,52,36.47
Pingshan 屏山,2024-08-25,V3,2.506,78,78,39.22
Pingshan 屏山,2025-08-28,V3,1.723,78,78,37.86
Pingshan 屏山,2022-07-27,V3,-0.774,19,46,37.69
Pingshan 屏山,2025-06-17,V3,3.495,78,78,34.85
Nanping 南屏,2019-09-13,V1,3.09,79,820,40.53
Nanping 南屏,2019-09-29,V1,4.39,79,820,38.12
Nanping 南屏,2021-09-18,V1,2.912,79,820,36.14
Nanping 南屏,2024-08-25,V1,2.641,79,820,39.2
Nanping 南屏,2025-08-28,V1,2.849,79,784,39.19
Nanping 南屏,2025-06-17,V1,0.885,79,533,34.5
Nanping 南屏,2019-09-13,V2,7.348,13,820,44.79
Nanping 南屏,2019-09-29,V2,5.903,13,820,39.63
Nanping 南屏,2021-09-18,V2,6.062,13,820,39.29
Nanping 南屏,2024-08-25,V2,7.464,13,820,44.02
Nanping 南屏,2025-08-28,V2,8.221,13,784,44.56
Nanping 南屏,2025-06-17,V2,3.444,13,533,37.06
Nanping 南屏,2019-09-13,V3,1.161,79,79,40.53
Nanping 南屏,2019-09-29,V3,1.618,79,79,38.12
Nanping 南屏,2021-09-18,V3,0.511,79,79,36.14
Nanping 南屏,2024-08-25,V3,0.716,79,79,39.2
Nanping 南屏,2025-08-28,V3,1.146,79,79,39.19
Nanping 南屏,2025-06-17,V3,0.649,79,79,34.5
Guanlu 关麓,2019-09-13,V1,4.173,77,876,40.42
Guanlu 关麓,2019-09-29,V1,5.295,77,876,37.4
Guanlu 关麓,2021-09-18,V1,4.276,77,876,36.15
Guanlu 关麓,2024-08-25,V1,2.397,77,876,38.62
Guanlu 关麓,2025-08-28,V1,2.67,77,854,38.5
Guanlu 关麓,2025-06-17,V1,1.888,52,637,33.07
Guanlu 关麓,2019-09-13,V3,1.123,77,77,40.42
Guanlu 关麓,2019-09-29,V3,1.535,77,77,37.4
Guanlu 关麓,2021-09-18,V3,1.232,77,77,36.15
Guanlu 关麓,2024-08-25,V3,1.041,77,77,38.62
Guanlu 关麓,2025-08-28,V3,1.211,77,77,38.5
Guanlu 关麓,2025-06-17,V3,-0.009,52,76,33.07
Tachuan 塔川,2019-09-13,V1,0.716,76,909,33.51
Tachuan 塔川,2019-09-29,V1,0.999,76,909,29.53
Tachuan 塔川,2021-09-02,V1,-0.54,34,232,31.66
Tachuan 塔川,2021-09-18,V1,0.765,76,909,29.76
Tachuan 塔川,2024-07-24,V1,-0.785,76,908,33.35
Tachuan 塔川,2024-08-25,V1,-0.993,18,472,32.99
Tachuan 塔川,2025-08-28,V1,1.579,76,844,34.87
Tachuan 塔川,2025-06-17,V1,-0.65,67,884,28.41
Tachuan 塔川,2019-09-13,V3,-1.217,76,76,33.51
Tachuan 塔川,2019-09-29,V3,-0.934,76,76,29.53
Tachuan 塔川,2021-09-18,V3,-0.734,76,76,29.76
Tachuan 塔川,2024-07-24,V3,-2.503,76,76,33.35
Tachuan 塔川,2024-08-25,V3,-0.44,18,26,32.99
Tachuan 塔川,2025-08-28,V3,0.895,76,70,34.87
Tachuan 塔川,2025-06-17,V3,-1.404,67,73,28.41
Bishan 碧山,2019-09-13,V1,0.959,80,806,38.03
Bishan 碧山,2019-09-29,V1,0.202,80,806,33.6
Bishan 碧山,2021-09-02,V1,-3.158,80,678,35.97
Bishan 碧山,2021-09-18,V1,0.697,80,806,33.47
Bishan 碧山,2024-07-24,V1,-1.279,80,588,36.54
Bishan 碧山,2024-08-25,V1,3.297,80,791,38.76
Bishan 碧山,2025-08-28,V1,1.497,80,806,37.81
Bishan 碧山,2022-07-27,V1,-2.205,80,619,37.39
Bishan 碧山,2025-06-17,V1,0.35,80,797,32.45
Bishan 碧山,2019-09-13,V2,1.749,27,806,38.82
Bishan 碧山,2019-09-29,V2,0.696,27,806,34.1
Bishan 碧山,2021-09-02,V2,-3.732,27,678,35.4
Bishan 碧山,2021-09-18,V2,1.689,27,806,34.46
Bishan 碧山,2024-07-24,V2,-1.735,27,588,36.09
Bishan 碧山,2024-08-25,V2,5.396,27,791,40.86
Bishan 碧山,2025-08-28,V2,2.669,27,806,38.99
Bishan 碧山,2022-07-27,V2,-2.18,27,619,37.41
Bishan 碧山,2025-06-17,V2,1.186,27,797,33.29
Bishan 碧山,2019-09-13,V3,0.482,80,80,38.03
Bishan 碧山,2019-09-29,V3,-0.193,80,80,33.6
Bishan 碧山,2021-09-02,V3,-1.745,80,64,35.97
Bishan 碧山,2021-09-18,V3,0.131,80,80,33.47
Bishan 碧山,2024-07-24,V3,-0.384,80,66,36.54
Bishan 碧山,2024-08-25,V3,2.496,80,80,38.76
Bishan 碧山,2025-08-28,V3,1.227,80,80,37.81
Bishan 碧山,2022-07-27,V3,-0.72,80,60,37.39
Bishan 碧山,2025-06-17,V3,0.156,80,78,32.45
Chengkan 呈坎,2019-09-13,V1,4.387,79,847,39.73
Chengkan 呈坎,2019-09-29,V1,3.956,79,846,35.18
Chengkan 呈坎,2021-09-18,V1,4.24,79,846,35.7
Chengkan 呈坎,2024-08-25,V1,2.286,79,847,37.45
Chengkan 呈坎,2025-08-28,V1,4.615,79,848,41.87
Chengkan 呈坎,2025-06-17,V1,3.316,79,846,35.77
Chengkan 呈坎,2019-09-13,V2,7.211,12,847,42.56
Chengkan 呈坎,2019-09-29,V2,5.843,12,846,37.06
Chengkan 呈坎,2021-09-18,V2,6.963,12,846,38.42
Chengkan 呈坎,2024-08-25,V2,4.203,12,847,39.37
Chengkan 呈坎,2025-08-28,V2,7.985,12,848,45.24
Chengkan 呈坎,2025-06-17,V2,5.189,12,846,37.65
Chengkan 呈坎,2019-09-13,V3,2.199,79,79,39.73
Chengkan 呈坎,2019-09-29,V3,1.317,79,79,35.18
Chengkan 呈坎,2021-09-18,V3,1.829,79,79,35.7
Chengkan 呈坎,2024-08-25,V3,1.415,79,79,37.45
Chengkan 呈坎,2025-08-28,V3,2.377,79,79,41.87
Chengkan 呈坎,2025-06-17,V3,1.518,79,79,35.77
Tangmo 唐模,2019-09-13,V1,1.531,80,707,40.59
Tangmo 唐模,2019-09-29,V1,1.261,80,707,36.11
Tangmo 唐模,2021-09-18,V1,1.433,80,707,36.48
Tangmo 唐模,2024-08-25,V1,1.434,80,707,38.28
Tangmo 唐模,2025-08-28,V1,1.93,80,707,41.54
Tangmo 唐模,2025-06-17,V1,1.069,80,707,34.23
Tangmo 唐模,2019-09-13,V2,5.404,15,707,44.47
Tangmo 唐模,2019-09-29,V2,3.608,15,707,38.45
Tangmo 唐模,2021-09-18,V2,4.961,15,707,40.01
Tangmo 唐模,2024-08-25,V2,5.873,15,707,42.72
Tangmo 唐模,2025-08-28,V2,6.491,15,707,46.1
Tangmo 唐模,2025-06-17,V2,4.688,15,707,37.85
Tangmo 唐模,2019-09-13,V3,1.324,80,80,40.59
Tangmo 唐模,2019-09-29,V3,0.971,80,80,36.11
Tangmo 唐模,2021-09-18,V3,1.302,80,80,36.48
Tangmo 唐模,2024-08-25,V3,1.513,80,80,38.28
Tangmo 唐模,2025-08-28,V3,2.055,80,80,41.54
Tangmo 唐模,2025-06-17,V3,0.934,80,80,34.23
Shuyuan 蜀源,2019-09-13,V1,1.757,80,898,37.12
Shuyuan 蜀源,2019-09-29,V1,1.702,80,898,33.14
Shuyuan 蜀源,2021-09-18,V1,1.935,80,898,33.51
Shuyuan 蜀源,2024-08-25,V1,1.66,80,898,36.6
Shuyuan 蜀源,2025-08-28,V1,2.535,80,898,38.9
Shuyuan 蜀源,2025-06-17,V1,1.97,80,888,32.99
Shuyuan 蜀源,2019-09-13,V2,6.569,5,898,41.93
Shuyuan 蜀源,2019-09-29,V2,5.248,5,898,36.69
Shuyuan 蜀源,2021-09-18,V2,6.479,5,898,38.06
Shuyuan 蜀源,2024-08-25,V2,5.693,5,898,40.63
Shuyuan 蜀源,2025-08-28,V2,7.857,5,898,44.22
Shuyuan 蜀源,2025-06-17,V2,5.564,5,888,36.58
Shuyuan 蜀源,2019-09-13,V3,0.3,80,80,37.12
Shuyuan 蜀源,2019-09-29,V3,0.218,80,80,33.14
Shuyuan 蜀源,2021-09-18,V3,0.272,80,80,33.51
Shuyuan 蜀源,2024-08-25,V3,1.144,80,80,36.6
Shuyuan 蜀源,2025-08-28,V3,1.219,80,80,38.9
Shuyuan 蜀源,2025-06-17,V3,1.364,80,80,32.99
Lingshan 灵山,2019-09-13,V1,2.413,78,912,36.37
Lingshan 灵山,2019-09-29,V1,2.498,78,910,32.52
Lingshan 灵山,2021-09-18,V1,1.964,78,910,32.09
Lingshan 灵山,2024-08-25,V1,1.962,78,912,36.38
Lingshan 灵山,2025-08-28,V1,2.882,78,912,38.19
Lingshan 灵山,2025-06-17,V1,1.975,75,856,32.7
Lingshan 灵山,2019-09-13,V3,2.042,78,77,36.37
Lingshan 灵山,2019-09-29,V3,1.99,78,77,32.52
Lingshan 灵山,2021-09-18,V3,1.641,78,77,32.09
Lingshan 灵山,2024-08-25,V3,1.978,78,77,36.38
Lingshan 灵山,2025-08-28,V3,2.649,78,77,38.19
Lingshan 灵山,2025-06-17,V3,1.698,75,76,32.7
Qiankou 潜口,2019-09-13,V1,4.922,79,743,42.79
Qiankou 潜口,2019-09-29,V1,3.737,79,743,37.3
Qiankou 潜口,2021-09-18,V1,4.767,79,743,38.75
Qiankou 潜口,2024-08-25,V1,4.427,79,743,40.88
Qiankou 潜口,2025-08-28,V1,5.429,79,743,44.67
Qiankou 潜口,2025-06-17,V1,3.696,79,743,36.17
Qiankou 潜口,2019-09-13,V2,7.161,28,743,45.03
Qiankou 潜口,2019-09-29,V2,5.11,28,743,38.68
Qiankou 潜口,2021-09-18,V2,6.533,28,743,40.52
Qiankou 潜口,2024-08-25,V2,6.854,28,743,43.3
Qiankou 潜口,2025-08-28,V2,7.828,28,743,47.07
Qiankou 潜口,2025-06-17,V2,5.831,28,743,38.3
Qiankou 潜口,2019-09-13,V3,2.605,79,79,42.79
Qiankou 潜口,2019-09-29,V3,1.141,79,79,37.3
Qiankou 潜口,2021-09-18,V3,1.878,79,79,38.75
Qiankou 潜口,2024-08-25,V3,2.966,79,79,40.88
Qiankou 潜口,2025-08-28,V3,2.976,79,79,44.67
Qiankou 潜口,2025-06-17,V3,2.59,79,79,36.17
Yuliang 渔梁,2019-09-13,V1,8.651,78,398,46.67
Yuliang 渔梁,2019-09-29,V1,6.31,78,398,38.91
Yuliang 渔梁,2021-09-18,V1,7.719,78,398,41.09
Yuliang 渔梁,2024-08-25,V1,8.285,78,398,44.79
Yuliang 渔梁,2025-08-28,V1,8.263,78,398,46.69
Yuliang 渔梁,2025-06-17,V1,6.918,78,398,38.64
Yuliang 渔梁,2019-09-13,V2,9.684,57,398,47.7
Yuliang 渔梁,2019-09-29,V2,6.976,57,398,39.58
Yuliang 渔梁,2021-09-18,V2,8.672,57,398,42.04
Yuliang 渔梁,2024-08-25,V2,9.559,57,398,46.06
Yuliang 渔梁,2025-08-28,V2,9.394,57,398,47.82
Yuliang 渔梁,2025-06-17,V2,7.9,57,398,39.63
Yuliang 渔梁,2019-09-13,V3,4.848,78,78,46.67
Yuliang 渔梁,2019-09-29,V3,2.51,78,78,38.91
Yuliang 渔梁,2021-09-18,V3,3.8,78,78,41.09
Yuliang 渔梁,2024-08-25,V3,5.525,78,78,44.79
Yuliang 渔梁,2025-08-28,V3,4.238,78,78,46.69
Yuliang 渔梁,2025-06-17,V3,4.208,78,78,38.64
Tangyue 棠樾,2019-09-13,V1,2.073,79,594,43.53
Tangyue 棠樾,2019-09-29,V1,0.681,79,594,37.63
Tangyue 棠樾,2021-09-18,V1,2.797,79,594,39.84
Tangyue 棠樾,2024-08-25,V1,1.965,79,594,40.0
Tangyue 棠樾,2025-08-28,V1,1.758,79,594,42.79
Tangyue 棠樾,2025-06-17,V1,1.608,79,594,35.23
Tangyue 棠樾,2019-09-13,V2,4.188,13,594,45.65
Tangyue 棠樾,2019-09-29,V2,2.014,13,594,38.97
Tangyue 棠樾,2021-09-18,V2,3.5,13,594,40.54
Tangyue 棠樾,2024-08-25,V2,4.827,13,594,42.86
Tangyue 棠樾,2025-08-28,V2,4.227,13,594,45.26
Tangyue 棠樾,2025-06-17,V2,4.001,13,594,37.62
Tangyue 棠樾,2019-09-13,V3,1.969,79,79,43.53
Tangyue 棠樾,2019-09-29,V3,0.363,79,79,37.63
Tangyue 棠樾,2021-09-18,V3,2.49,79,79,39.84
Tangyue 棠樾,2024-08-25,V3,2.205,79,79,40.0
Tangyue 棠樾,2025-08-28,V3,1.919,79,79,42.79
Tangyue 棠樾,2025-06-17,V3,1.446,79,79,35.23
Xiongcun 雄村,2019-09-13,V1,5.942,78,784,42.97
Xiongcun 雄村,2019-09-29,V1,6.35,78,784,38.18
Xiongcun 雄村,2021-09-18,V1,6.173,78,784,38.28
Xiongcun 雄村,2024-08-25,V1,3.605,78,784,38.99
Xiongcun 雄村,2025-08-28,V1,5.085,78,784,42.8
Xiongcun 雄村,2025-06-17,V1,3.225,78,784,34.36
Xiongcun 雄村,2019-09-13,V2,7.542,6,784,44.57
Xiongcun 雄村,2019-09-29,V2,6.917,6,784,38.75
Xiongcun 雄村,2021-09-18,V2,7.951,6,784,40.06
Xiongcun 雄村,2024-08-25,V2,6.417,6,784,41.8
Xiongcun 雄村,2025-08-28,V2,7.213,6,784,44.92
Xiongcun 雄村,2025-06-17,V2,5.366,6,784,36.5
Xiongcun 雄村,2019-09-13,V3,2.166,78,78,42.97
Xiongcun 雄村,2019-09-29,V3,2.28,78,78,38.18
Xiongcun 雄村,2021-09-18,V3,1.995,78,78,38.28
Xiongcun 雄村,2024-08-25,V3,1.425,78,78,38.99
Xiongcun 雄村,2025-08-28,V3,1.512,78,78,42.8
Xiongcun 雄村,2025-06-17,V3,0.992,78,78,34.36
Xucun 许村,2019-09-13,V1,2.244,79,922,36.32
Xucun 许村,2019-09-29,V1,1.848,79,922,31.08
Xucun 许村,2021-09-02,V1,-1.826,79,512,33.62
Xucun 许村,2021-09-18,V1,1.642,79,922,31.54
Xucun 许村,2024-07-24,V1,-7.706,77,799,22.37
Xucun 许村,2024-08-25,V1,3.76,79,922,39.7
Xucun 许村,2025-08-28,V1,1.876,79,922,37.53
Xucun 许村,2022-07-27,V1,-0.476,79,864,36.94
Xucun 许村,2025-06-17,V1,0.727,79,917,31.58
Xucun 许村,2019-09-13,V2,5.327,22,922,39.41
Xucun 许村,2019-09-29,V2,3.173,22,922,32.4
Xucun 许村,2021-09-02,V2,-1.362,22,512,34.08
Xucun 许村,2021-09-18,V2,3.599,22,922,33.49
Xucun 许村,2024-07-24,V2,-11.564,20,799,18.51
Xucun 许村,2024-08-25,V2,7.308,22,922,43.24
Xucun 许村,2025-08-28,V2,3.302,22,922,38.96
Xucun 许村,2022-07-27,V2,-0.17,22,864,37.25
Xucun 许村,2025-06-17,V2,1.81,22,917,32.67
Xucun 许村,2019-09-13,V3,1.01,79,79,36.32
Xucun 许村,2019-09-29,V3,0.939,79,79,31.08
Xucun 许村,2021-09-02,V3,-0.367,79,32,33.62
Xucun 许村,2021-09-18,V3,0.897,79,79,31.54
Xucun 许村,2024-07-24,V3,-6.133,77,71,22.37
Xucun 许村,2024-08-25,V3,1.609,79,79,39.7
Xucun 许村,2025-08-28,V3,1.241,79,79,37.53
Xucun 许村,2022-07-27,V3,0.374,79,71,36.94
Xucun 许村,2025-06-17,V3,0.109,79,77,31.58
Zhanqi 瞻淇,2019-09-13,V1,4.677,81,824,41.54
Zhanqi 瞻淇,2019-09-29,V1,4.043,81,824,36.64
Zhanqi 瞻淇,2021-09-18,V1,5.002,81,824,38.02
Zhanqi 瞻淇,2024-08-25,V1,3.75,81,824,39.26
Zhanqi 瞻淇,2025-08-28,V1,4.358,81,824,40.86
Zhanqi 瞻淇,2025-06-17,V1,3.087,81,824,34.15
Zhanqi 瞻淇,2019-09-13,V2,8.382,18,824,45.24
Zhanqi 瞻淇,2019-09-29,V2,6.078,18,824,38.67
Zhanqi 瞻淇,2021-09-18,V2,7.797,18,824,40.81
Zhanqi 瞻淇,2024-08-25,V2,7.558,18,824,43.07
Zhanqi 瞻淇,2025-08-28,V2,8.638,18,824,45.14
Zhanqi 瞻淇,2025-06-17,V2,5.478,18,824,36.54
Zhanqi 瞻淇,2019-09-13,V3,2.093,81,81,41.54
Zhanqi 瞻淇,2019-09-29,V3,1.455,81,81,36.64
Zhanqi 瞻淇,2021-09-18,V3,2.083,81,81,38.02
Zhanqi 瞻淇,2024-08-25,V3,2.112,81,81,39.26
Zhanqi 瞻淇,2025-08-28,V3,2.156,81,81,40.86
Zhanqi 瞻淇,2025-06-17,V3,1.106,81,81,34.15
Changxi 昌溪,2019-09-13,V1,4.755,79,900,40.94
Changxi 昌溪,2019-09-29,V1,3.85,79,900,36.28
Changxi 昌溪,2021-09-18,V1,4.453,79,900,36.92
Changxi 昌溪,2024-08-25,V1,3.824,79,900,38.93
Changxi 昌溪,2025-08-28,V1,4.258,79,900,41.25
Changxi 昌溪,2025-06-17,V1,3.377,79,899,34.25
Changxi 昌溪,2019-09-13,V2,8.289,22,900,44.48
Changxi 昌溪,2019-09-29,V2,5.969,22,900,38.4
Changxi 昌溪,2021-09-18,V2,7.922,22,900,40.39
Changxi 昌溪,2024-08-25,V2,7.841,22,900,42.95
Changxi 昌溪,2025-08-28,V2,7.704,22,900,44.7
Changxi 昌溪,2025-06-17,V2,5.57,22,899,36.45
Changxi 昌溪,2019-09-13,V3,2.431,79,79,40.94
Changxi 昌溪,2019-09-29,V3,1.528,79,79,36.28
Changxi 昌溪,2021-09-18,V3,1.824,79,79,36.92
Changxi 昌溪,2024-08-25,V3,2.239,79,79,38.93
Changxi 昌溪,2025-08-28,V3,2.289,79,79,41.25
Changxi 昌溪,2025-06-17,V3,2.365,79,78,34.25
Shitan 石潭,2019-09-13,V1,0.233,80,901,36.5
Shitan 石潭,2019-09-29,V1,0.25,80,901,33.09
Shitan 石潭,2021-09-02,V1,-1.619,68,507,37.26
Shitan 石潭,2021-09-18,V1,0.507,80,901,33.44
Shitan 石潭,2024-07-24,V1,-0.934,68,507,39.15
Shitan 石潭,2024-08-25,V1,1.399,80,901,36.49
Shitan 石潭,2025-08-28,V1,0.98,80,901,38.73
Shitan 石潭,2022-07-27,V1,-1.077,39,446,40.12
Shitan 石潭,2025-06-17,V1,0.745,80,901,32.05
Shitan 石潭,2019-09-13,V2,2.354,5,901,38.62
Shitan 石潭,2019-09-29,V2,1.656,5,901,34.49
Shitan 石潭,2021-09-02,V2,-1.245,5,507,37.63
Shitan 石潭,2021-09-18,V2,2.281,5,901,35.21
Shitan 石潭,2024-07-24,V2,-0.628,5,507,39.45
Shitan 石潭,2024-08-25,V2,4.551,5,901,39.65
Shitan 石潭,2025-08-28,V2,3.028,5,901,40.78
Shitan 石潭,2025-06-17,V2,2.065,5,901,33.37
Shitan 石潭,2019-09-13,V3,-0.749,80,80,36.5
Shitan 石潭,2019-09-29,V3,-0.477,80,80,33.09
Shitan 石潭,2021-09-02,V3,-3.191,68,28,37.26
Shitan 石潭,2021-09-18,V3,-0.287,80,80,33.44
Shitan 石潭,2024-07-24,V3,-2.699,68,28,39.15
Shitan 石潭,2024-08-25,V3,0.628,80,80,36.49
Shitan 石潭,2025-08-28,V3,0.306,80,80,38.73
Shitan 石潭,2022-07-27,V3,-1.308,39,28,40.12
Shitan 石潭,2025-06-17,V3,0.353,80,80,32.05
Zuyuan 祖源,2019-09-13,V1,0.325,78,935,33.82
Zuyuan 祖源,2019-09-29,V1,0.685,78,935,29.29
Zuyuan 祖源,2021-09-18,V1,0.596,78,935,29.8
Zuyuan 祖源,2024-08-25,V1,0.438,78,935,33.92
Zuyuan 祖源,2025-08-28,V1,0.606,78,935,34.53
Zuyuan 祖源,2025-06-17,V1,0.703,71,780,31.23
Zuyuan 祖源,2019-09-13,V3,0.758,78,78,33.82
Zuyuan 祖源,2019-09-29,V3,0.857,78,78,29.29
Zuyuan 祖源,2021-09-18,V3,0.857,78,78,29.8
Zuyuan 祖源,2024-08-25,V3,0.871,78,78,33.92
Zuyuan 祖源,2025-08-28,V3,1.179,78,78,34.53
Zuyuan 祖源,2025-06-17,V3,1.239,71,72,31.23
Mulihong 木梨硔,2019-09-13,V1,-0.022,77,914,33.01
Mulihong 木梨硔,2019-09-29,V1,-0.172,77,935,27.77
Mulihong 木梨硔,2021-09-18,V1,0.087,77,935,29.21
Mulihong 木梨硔,2024-08-25,V1,-0.227,77,913,33.03
Mulihong 木梨硔,2025-08-28,V1,0.403,77,842,33.91
Mulihong 木梨硔,2025-06-17,V1,0.101,77,935,30.38
Mulihong 木梨硔,2019-09-13,V3,0.308,77,77,33.01
Mulihong 木梨硔,2019-09-29,V3,0.159,77,77,27.77
Mulihong 木梨硔,2021-09-18,V3,0.49,77,77,29.21
Mulihong 木梨硔,2024-08-25,V3,0.019,77,77,33.03
Mulihong 木梨硔,2025-08-28,V3,0.766,77,68,33.91
Mulihong 木梨硔,2025-06-17,V3,0.242,77,77,30.38
Longchuan 龙川,2019-09-13,V1,3.076,79,886,37.65
Longchuan 龙川,2019-09-29,V1,2.724,79,886,33.61
Longchuan 龙川,2021-09-18,V1,3.239,79,886,34.24
Longchuan 龙川,2024-07-24,V1,1.455,79,886,38.58
Longchuan 龙川,2024-08-25,V1,4.044,79,886,39.69
Longchuan 龙川,2025-08-28,V1,2.376,79,886,38.71
Longchuan 龙川,2022-07-27,V1,0.469,79,886,40.78
Longchuan 龙川,2025-06-17,V1,1.567,79,886,32.08
Longchuan 龙川,2019-09-13,V2,4.703,18,886,39.28
Longchuan 龙川,2019-09-29,V2,3.528,18,886,34.41
Longchuan 龙川,2021-09-18,V2,4.256,18,886,35.25
Longchuan 龙川,2024-07-24,V2,1.328,18,886,38.45
Longchuan 龙川,2024-08-25,V2,7.631,18,886,43.28
Longchuan 龙川,2025-08-28,V2,4.198,18,886,40.53
Longchuan 龙川,2022-07-27,V2,-0.143,18,886,40.17
Longchuan 龙川,2025-06-17,V2,2.438,18,886,32.95
Longchuan 龙川,2019-09-13,V3,1.167,79,79,37.65
Longchuan 龙川,2019-09-29,V3,0.405,79,79,33.61
Longchuan 龙川,2021-09-18,V3,1.092,79,79,34.24
Longchuan 龙川,2024-07-24,V3,1.053,79,79,38.58
Longchuan 龙川,2024-08-25,V3,1.591,79,79,39.69
Longchuan 龙川,2025-08-28,V3,0.734,79,79,38.71
Longchuan 龙川,2022-07-27,V3,0.533,79,79,40.78
Longchuan 龙川,2025-06-17,V3,0.415,79,79,32.08
Renli 仁里,2019-09-13,V1,4.64,80,891,37.91
Renli 仁里,2019-09-29,V1,3.363,80,891,32.24
Renli 仁里,2021-09-02,V1,-1.233,18,87,30.63
Renli 仁里,2021-09-18,V1,1.098,80,891,29.83
Renli 仁里,2024-07-24,V1,-1.463,78,809,30.27
Renli 仁里,2024-08-25,V1,1.822,80,891,36.66
Renli 仁里,2025-08-28,V1,3.528,80,891,38.92
Renli 仁里,2022-07-27,V1,-3.116,14,98,34.16
Renli 仁里,2025-06-17,V1,1.761,80,891,32.65
Renli 仁里,2019-09-13,V3,3.949,80,80,37.91
Renli 仁里,2019-09-29,V3,2.667,80,80,32.24
Renli 仁里,2021-09-02,V3,-1.235,18,13,30.63
Renli 仁里,2021-09-18,V3,1.068,80,80,29.83
Renli 仁里,2024-07-24,V3,-1.188,78,59,30.27
Renli 仁里,2024-08-25,V3,1.863,80,80,36.66
Renli 仁里,2025-08-28,V3,2.747,80,80,38.92
Renli 仁里,2025-06-17,V3,2.023,80,80,32.65
Shangzhuang 上庄,2019-09-13,V1,4.212,80,872,39.39
Shangzhuang 上庄,2019-09-29,V1,4.183,80,872,34.57
Shangzhuang 上庄,2021-09-02,V1,1.025,39,830,39.28
Shangzhuang 上庄,2021-09-18,V1,3.882,80,872,34.61
Shangzhuang 上庄,2024-07-24,V1,5.38,80,871,36.5
Shangzhuang 上庄,2024-08-25,V1,6.195,80,872,42.07
Shangzhuang 上庄,2025-08-28,V1,4.451,80,872,40.23
Shangzhuang 上庄,2022-07-27,V1,3.168,80,872,42.74
Shangzhuang 上庄,2025-06-17,V1,3.536,80,872,34.76
Shangzhuang 上庄,2019-09-13,V2,5.863,32,872,41.04
Shangzhuang 上庄,2019-09-29,V2,5.364,32,872,35.75
Shangzhuang 上庄,2021-09-02,V2,0.883,7,830,39.14
Shangzhuang 上庄,2021-09-18,V2,5.301,32,872,36.03
Shangzhuang 上庄,2024-07-24,V2,6.14,32,871,37.26
Shangzhuang 上庄,2024-08-25,V2,8.977,32,872,44.85
Shangzhuang 上庄,2025-08-28,V2,5.937,32,872,41.72
Shangzhuang 上庄,2022-07-27,V2,3.666,32,872,43.24
Shangzhuang 上庄,2025-06-17,V2,4.722,32,872,35.94
Shangzhuang 上庄,2019-09-13,V3,2.47,80,80,39.39
Shangzhuang 上庄,2019-09-29,V3,1.873,80,80,34.57
Shangzhuang 上庄,2021-09-02,V3,0.708,39,80,39.28
Shangzhuang 上庄,2021-09-18,V3,2.402,80,80,34.61
Shangzhuang 上庄,2024-07-24,V3,2.734,80,80,36.5
Shangzhuang 上庄,2024-08-25,V3,4.351,80,80,42.07
Shangzhuang 上庄,2025-08-28,V3,3.011,80,80,40.23
Shangzhuang 上庄,2022-07-27,V3,3.059,80,80,42.74
Shangzhuang 上庄,2025-06-17,V3,2.673,80,80,34.76
Kantou 磡头,2019-09-13,V1,3.034,80,882,39.33
Kantou 磡头,2019-09-29,V1,2.79,80,882,34.91
Kantou 磡头,2021-09-18,V1,2.829,80,882,34.69
Kantou 磡头,2024-08-25,V1,3.255,80,869,39.11
Kantou 磡头,2025-08-28,V1,2.868,80,882,40.14
Kantou 磡头,2025-06-17,V1,2.112,80,882,33.91
Kantou 磡头,2019-09-13,V2,6.291,12,882,42.59
Kantou 磡头,2019-09-29,V2,4.864,12,882,36.98
Kantou 磡头,2021-09-18,V2,5.796,12,882,37.66
Kantou 磡头,2024-08-25,V2,6.577,12,869,42.43
Kantou 磡头,2025-08-28,V2,5.862,12,882,43.14
Kantou 磡头,2025-06-17,V2,4.854,12,882,36.65
Kantou 磡头,2019-09-13,V3,2.077,80,80,39.33
Kantou 磡头,2019-09-29,V3,1.271,80,80,34.91
Kantou 磡头,2021-09-18,V3,1.72,80,80,34.69
Kantou 磡头,2024-08-25,V3,2.481,80,80,39.11
Kantou 磡头,2025-08-28,V3,1.406,80,80,40.14
Kantou 磡头,2025-06-17,V3,1.116,80,80,33.91
Lixi 历溪,2019-09-13,V1,5.888,79,913,42.8
Lixi 历溪,2019-09-29,V1,4.523,79,913,36.81
Lixi 历溪,2021-09-18,V1,4.838,79,913,35.84
Lixi 历溪,2024-08-25,V1,5.013,79,913,41.95
Lixi 历溪,2025-08-28,V1,4.893,79,913,40.09
Lixi 历溪,2020-09-06,V1,4.945,79,913,36.72
Lixi 历溪,2022-08-11,V1,3.748,50,470,35.49
Lixi 历溪,2024-09-01,V1,4.864,79,884,40.64
Lixi 历溪,2025-06-17,V1,4.479,79,857,35.6
Lixi 历溪,2024-08-08,V1,-1.866,12,636,21.66
Lixi 历溪,2024-09-09,V1,4.945,79,913,39.51
Lixi 历溪,2025-08-27,V1,4.978,79,913,40.0
Lixi 历溪,2019-09-13,V2,8.711,20,913,45.63
Lixi 历溪,2019-09-29,V2,6.418,20,913,38.7
Lixi 历溪,2021-09-18,V2,7.223,20,913,38.22
Lixi 历溪,2024-08-25,V2,7.652,20,913,44.59
Lixi 历溪,2025-08-28,V2,7.504,20,913,42.7
Lixi 历溪,2020-09-06,V2,7.834,20,913,39.61
Lixi 历溪,2022-08-11,V2,5.709,12,470,37.46
Lixi 历溪,2024-09-01,V2,7.603,20,884,43.38
Lixi 历溪,2025-06-17,V2,6.157,20,857,37.28
Lixi 历溪,2024-09-09,V2,7.408,20,913,41.97
Lixi 历溪,2025-08-27,V2,7.693,20,913,42.72
Lixi 历溪,2019-09-13,V3,3.083,79,79,42.8
Lixi 历溪,2019-09-29,V3,1.104,79,79,36.81
Lixi 历溪,2021-09-18,V3,2.55,79,79,35.84
Lixi 历溪,2024-08-25,V3,2.866,79,79,41.95
Lixi 历溪,2025-08-28,V3,2.566,79,79,40.09
Lixi 历溪,2020-09-06,V3,2.322,79,79,36.72
Lixi 历溪,2022-08-11,V3,1.299,50,48,35.49
Lixi 历溪,2024-09-01,V3,2.572,79,76,40.64
Lixi 历溪,2025-06-17,V3,2.061,79,79,35.6
Lixi 历溪,2024-08-08,V3,-2.744,12,60,21.66
Lixi 历溪,2024-09-09,V3,2.159,79,79,39.51
Lixi 历溪,2025-08-27,V3,2.774,79,79,40.0
Zhukou 渚口,2019-09-13,V1,2.88,78,857,39.59
Zhukou 渚口,2019-09-29,V1,2.459,78,857,34.23
Zhukou 渚口,2021-09-18,V1,2.607,78,857,33.28
Zhukou 渚口,2024-08-25,V1,3.419,78,857,39.96
Zhukou 渚口,2025-08-28,V1,2.977,78,857,38.18
Zhukou 渚口,2020-09-06,V1,3.396,78,857,34.81
Zhukou 渚口,2021-06-05,V1,2.282,23,178,18.19
Zhukou 渚口,2022-08-11,V1,2.508,78,531,33.56
Zhukou 渚口,2024-09-01,V1,0.092,6,683,35.65
Zhukou 渚口,2025-06-17,V1,2.855,78,835,33.91
Zhukou 渚口,2024-08-08,V1,4.346,78,857,33.53
Zhukou 渚口,2024-09-09,V1,3.026,78,857,37.38
Zhukou 渚口,2025-08-27,V1,2.492,78,857,37.21
Zhukou 渚口,2019-09-13,V2,7.371,13,857,44.08
Zhukou 渚口,2019-09-29,V2,5.859,13,857,37.63
Zhukou 渚口,2021-09-18,V2,6.927,13,857,37.6
Zhukou 渚口,2024-08-25,V2,8.283,13,857,44.83
Zhukou 渚口,2025-08-28,V2,7.358,13,857,42.56
Zhukou 渚口,2020-09-06,V2,8.52,13,857,39.93
Zhukou 渚口,2022-08-11,V2,6.208,13,531,37.26
Zhukou 渚口,2025-06-17,V2,6.8,13,835,37.85
Zhukou 渚口,2024-08-08,V2,8.996,13,857,38.18
Zhukou 渚口,2024-09-09,V2,7.351,13,857,41.71
Zhukou 渚口,2025-08-27,V2,6.639,13,857,41.36
Zhukou 渚口,2019-09-13,V3,1.493,78,78,39.59
Zhukou 渚口,2019-09-29,V3,1.081,78,78,34.23
Zhukou 渚口,2021-09-18,V3,1.455,78,78,33.28
Zhukou 渚口,2024-08-25,V3,2.159,78,78,39.96
Zhukou 渚口,2025-08-28,V3,2.032,78,78,38.18
Zhukou 渚口,2020-09-06,V3,2.048,78,78,34.81
Zhukou 渚口,2021-06-05,V3,-0.471,23,18,18.19
Zhukou 渚口,2022-08-11,V3,1.112,78,53,33.56
Zhukou 渚口,2024-09-01,V3,-0.907,6,71,35.65
Zhukou 渚口,2025-06-17,V3,1.783,78,77,33.91
Zhukou 渚口,2024-08-08,V3,2.435,78,78,33.53
Zhukou 渚口,2024-09-09,V3,1.673,78,78,37.38
Zhukou 渚口,2025-08-27,V3,1.48,78,78,37.21
Huansha 环砂,2019-09-13,V1,2.002,79,906,38.78
Huansha 环砂,2019-09-29,V1,2.13,79,906,34.5
Huansha 环砂,2021-09-18,V1,1.997,79,906,33.39
Huansha 环砂,2024-08-25,V1,1.288,79,906,37.9
Huansha 环砂,2025-08-28,V1,1.281,79,906,36.71
Huansha 环砂,2020-09-06,V1,2.078,79,906,33.55
Huansha 环砂,2021-06-05,V1,-3.419,79,867,21.45
Huansha 环砂,2024-09-01,V1,1.062,79,840,35.6
Huansha 环砂,2025-06-17,V1,1.257,66,751,31.8
Huansha 环砂,2024-08-08,V1,2.39,79,896,33.72
Huansha 环砂,2024-09-09,V1,1.602,79,906,36.2
Huansha 环砂,2025-08-27,V1,1.561,79,906,36.66
Huansha 环砂,2019-09-13,V3,0.538,79,79,38.78
Huansha 环砂,2019-09-29,V3,0.322,79,79,34.5
Huansha 环砂,2021-09-18,V3,0.3,79,79,33.39
Huansha 环砂,2024-08-25,V3,0.093,79,79,37.9
Huansha 环砂,2025-08-28,V3,-0.077,79,79,36.71
Huansha 环砂,2020-09-06,V3,0.999,79,79,33.55
Huansha 环砂,2021-06-05,V3,-6.129,79,79,21.45
Huansha 环砂,2024-09-01,V3,0.03,79,58,35.6
Huansha 环砂,2025-06-17,V3,0.092,66,70,31.8
Huansha 环砂,2024-08-08,V3,0.071,79,77,33.72
Huansha 环砂,2024-09-09,V3,0.173,79,79,36.2
Huansha 环砂,2025-08-27,V3,0.226,79,79,36.66
