village,LC08_L2SP_120039_20210918_02_T1,LC08_L2SP_120039_20200627_02_T2,LC08_L2SP_120039_20250609_02_T2,LC08_L2SP_120039_20190929_02_T1,LC08_L2SP_120039_20250828_02_T1,LC08_L2SP_120039_20240825_02_T1,LC08_L2SP_120039_20220601_02_T2,LC09_L2SP_120039_20250617_02_T1,LC08_L2SP_120039_20190913_02_T1,LC08_L2SP_120040_20240724_02_T1,LC08_L2SP_120040_20190929_02_T1,LC09_L2SP_120040_20250617_02_T1,LC08_L2SP_120040_20250828_02_T1,LC08_L2SP_120040_20200627_02_T2,LC08_L2SP_120040_20210918_02_T1,LC09_L2SP_120040_20220727_02_T1,LC08_L2SP_120040_20190913_02_T1,LC08_L2SP_120040_20210902_02_T1,LC08_L2SP_121039_20230729_02_T2,LC09_L2SP_121039_20250827_02_T1,LC09_L2SP_121039_20240909_02_T1,LC08_L2SP_121039_20210605_02_T1,LC08_L2SP_121039_20200906_02_T1,LC08_L2SP_121039_20200720_02_T1,LC09_L2SP_121039_20240808_02_T1,LC08_L2SP_121039_20220811_02_T1,LC08_L2SP_121039_20240901_02_T1,LC09_L2SP_121040_20250827_02_T1,LC08_L2SP_121040_20190920_02_T1,LC08_L2SP_121040_20200922_02_T2,LC08_L2SP_121040_20190819_02_T1,LC08_L2SP_121040_20220710_02_T1,LC08_L2SP_121040_20200906_02_T1,LC09_L2SP_121040_20240909_02_T1,LC08_L2SP_121040_20220811_02_T1,LC08_L2SP_121040_20250702_02_T1
Hongcun 宏村,4.828,,,3.608,6.384,3.579,,3.852,5.639,-2.131,-2.384,-1.269,-2.14,,-1.932,-2.018,-2.689,-1.601,,,,,,,,,,,,,,,,,,
Xidi 西递,4.828,,,4.833,4.3,3.888,,2.788,5.104,,,,,,,,,,,,,,,,,,,,,,,,,,,
Lucun 卢村,4.575,,,5.935,3.345,1.635,,,3.797,0.123,0.253,-0.084,0.141,,-0.036,-0.087,0.254,0.359,,,,,,,,,,,,,,,,,,
Pingshan 屏山,2.688,,,1.688,3.456,2.91,,3.731,2.702,-0.924,-3.263,-1.341,-1.996,,-2.991,-1.995,-2.802,,,,,,,,,,,,,,,,,,,
Nanping 南屏,2.573,,,4.075,2.471,2.282,,0.68,2.734,,,,,,,,,,,,,,,,,,,,,,,,,,,
Guanlu 关麓,4.032,,,5.057,2.444,2.188,,1.683,3.918,,,,,,,,,,,,,,,,,,,,,,,,,,,
Tachuan 塔川,1.774,,,1.675,1.942,-1.062,,-0.136,1.486,-0.792,0.081,-0.962,-0.594,,-0.369,,-0.751,-0.544,,,,,,,,,,,,,,,,,,
Bishan 碧山,4.006,,,3.58,4.575,2.966,,2.397,4.46,-1.25,-3.157,-1.798,-1.695,,-2.775,-2.164,-2.56,-3.108,,,,,,,,,,,,,,,,,,
Chengkan 呈坎,4.003,,,3.741,4.311,2.126,,3.119,4.155,,,,,,,,,,,,,,,,,,,,,,,,,,,
Tangmo 唐模,1.095,,,1.043,1.573,1.105,,0.804,1.181,,,,,,,,,,,,,,,,,,,,,,,,,,,
Shuyuan 蜀源,1.826,,,1.608,2.397,1.566,,1.866,1.648,,,,,,,,,,,,,,,,,,,,,,,,,,,
Lingshan 灵山,1.873,,,2.416,2.767,1.893,,1.911,2.327,,,,,,,,,,,,,,,,,,,,,,,,,,,
Qiankou 潜口,4.325,,,3.405,4.952,4.025,,3.392,4.475,,,,,,,,,,,,,,,,,,,,,,,,,,,
Yuliang 渔梁,6.327,,,5.186,6.57,6.755,,6.003,7.077,,,,,,,,,,,,,,,,,,,,,,,,,,,
Tangyue 棠樾,2.541,,,0.607,1.38,1.526,,1.309,1.765,,,,,,,,,,,,,,,,,,,,,,,,,,,
Xiongcun 雄村,5.772,,,6.067,4.722,3.251,,3.31,5.632,,,,,,,,,,,,,,,,,,,,,,,,,,,
Xucun 许村,4.396,,,4.629,5.439,3.709,,2.545,5.205,-7.715,-0.969,-0.908,-1.73,,-1.147,-0.451,-2.066,-1.811,,,,,,,,,,,,,,,,,,
Zhanqi 瞻淇,4.625,,,3.753,3.984,3.44,,2.824,4.326,,,,,,,,,,,,,,,,,,,,,,,,,,,
Changxi 昌溪,4.364,,,3.79,4.18,3.756,,3.331,4.673,,,,,,,,,,,,,,,,,,,,,,,,,,,
Shitan 石潭,2.095,,,1.768,2.101,1.316,,1.353,2.004,-1.004,-1.387,-0.519,-0.543,,-1.422,-1.083,-1.775,-1.663,,,,,,,,,,,,,,,,,,
Zuyuan 祖源,0.56,,,0.646,0.57,0.406,,0.668,0.286,,,,,,,,,,,,,,,,,,,,,,,,,,,
Mulihong 木梨硔,0.06,,,-0.192,0.379,-0.249,,0.087,-0.047,,,,,,,,,,,,,,,,,,,,,,,,,,,
Longchuan 龙川,5.232,,,4.308,3.888,3.811,,3.126,4.543,1.454,0.799,-0.147,1.036,,0.919,0.413,1.317,,,,,,,,,,,,,,,,,,,
Renli 仁里,3.456,,,3.665,4.056,1.732,,1.313,3.376,-1.509,-1.422,,-1.723,,-1.352,-3.349,,-1.259,,,,,,,,,,,,,,,,,,
Shangzhuang 上庄,5.38,,,5.608,6.554,5.944,,4.958,5.312,5.209,2.463,1.887,2.019,,2.118,3.134,2.807,0.994,,,,,,,,,,,,,,,,,,
Kantou 磡头,2.699,,,2.656,2.733,3.129,,2.015,2.914,,,,,,,,,,,,,,,,,,,,,,,,,,,
Lixi 历溪,4.758,,,4.443,4.811,4.944,,4.407,5.806,,,,,,,,,,,4.898,4.865,,4.854,,-1.888,3.647,4.79,,,,,,,,,
Zhukou 渚口,2.422,,,2.298,2.797,3.22,,2.73,2.694,,,,,,,,,,,2.306,2.821,2.077,3.179,,4.108,2.382,-0.107,,,,,,,,,
Huansha 环砂,1.989,,,1.893,1.311,1.222,,1.243,1.725,,,,,,,,,,,1.52,1.544,-3.53,1.964,,2.276,,1.017,,,,,,,,,
