site,x,y,z
V0001,557499.9091909033,3348100.371034871,560.8370971679688
V0002,547299.9091909033,3348070.371034871,797.94140625
V0003,612609.9091909033,3348070.371034871,230.18081665039062
V0004,559749.9091909033,3348040.371034871,591.10546875
V0005,595299.9091909033,3348010.371034871,350.90203857421875
V0006,555339.9091909033,3347980.371034871,465.9431457519531
V0007,620199.9091909033,3347980.371034871,545.10205078125
V0008,652779.9091909033,3347980.371034871,515.4053955078125
V0009,667839.9091909033,3347980.371034871,456.38037109375
V0010,572439.9091909033,3347890.371034871,673.2871704101562
V0011,574539.9091909033,3347890.371034871,583.0899658203125
V0012,584679.9091909033,3347860.371034871,382.9653625488281
V0013,552759.9091909033,3347830.371034871,768.583984375
V0014,597459.9091909033,3347830.371034871,595.5260620117188
V0015,647739.9091909033,3347830.371034871,485.00872802734375
V0016,660429.9091909033,3347800.371034871,992.3410034179688
V0017,567669.9091909033,3347770.371034871,790.0328979492188
V0018,627789.9091909033,3347740.371034871,387.04058837890625
V0019,550509.9091909033,3347710.371034871,751.3186645507812
V0020,600489.9091909033,3347710.371034871,597.264404296875
V0021,601959.9091909033,3347710.371034871,830.2491455078125
V0022,657819.9091909033,3347710.371034871,692.4683837890625
V0023,606909.9091909033,3347680.371034871,322.5231628417969
V0024,671919.9091909033,3347680.371034871,447.9585876464844
V0025,569409.9091909033,3347620.371034871,847.522705078125
V0026,675549.9091909033,3347620.371034871,446.5447692871094
V0027,545499.9091909033,3347590.371034871,783.540283203125
V0028,588009.9091909033,3347590.371034871,438.3553466796875
V0029,625539.9091909033,3347590.371034871,356.31268310546875
V0030,543099.9091909033,3347500.371034871,306.0093994140625
V0031,565149.9091909033,3347500.371034871,739.821533203125
V0032,631899.9091909033,3347500.371034871,286.4457092285156
V0033,635589.9091909033,3347500.371034871,426.82208251953125
V0034,630219.9091909033,3347440.371034871,442.1203918457031
V0035,604479.9091909033,3347410.371034871,586.4273071289062
V0036,644409.9091909033,3347410.371034871,479.19097900390625
V0037,581919.9091909033,3347380.371034871,439.6290283203125
V0038,637749.9091909033,3347380.371034871,691.5951538085938
V0039,589569.9091909033,3347350.371034871,442.4652404785156
V0040,610509.9091909033,3347350.371034871,205.56495666503906
V0041,614409.9091909033,3347350.371034871,200.86041259765625
V0042,664449.9091909033,3347290.371034871,268.26739501953125
V0043,642069.9091909033,3347260.371034871,805.42333984375
V0044,661959.9091909033,3347260.371034871,911.125732421875
V0045,592179.9091909033,3347200.371034871,164.31512451171875
V0046,655479.9091909033,3347200.371034871,537.4779052734375
V0047,669489.9091909033,3347200.371034871,645.5892944335938
V0048,621999.9091909033,3347170.371034871,353.1436767578125
V0049,577779.9091909033,3347080.371034871,449.7214050292969
V0050,649689.9091909033,3346990.371034871,631.1902465820312
V0051,579759.9091909033,3346960.371034871,438.6357421875
V0052,617559.9091909033,3346960.371034871,404.2823791503906
V0053,639849.9091909033,3346930.371034871,649.6828002929688
V0054,562479.9091909033,3346900.371034871,580.5550537109375
V0055,627669.9091909033,3345580.371034871,522.1702880859375
V0056,650049.9091909033,3345580.371034871,572.6276245117188
V0057,659919.9091909033,3345580.371034871,870.5040893554688
V0058,577719.9091909033,3345550.371034871,286.2236633300781
V0059,552879.9091909033,3345460.371034871,304.8746032714844
V0060,602409.9091909033,3345460.371034871,347.51068115234375
V0061,542889.9091909033,3345430.371034871,351.7854919433594
V0062,545409.9091909033,3345430.371034871,319.62017822265625
V0063,569559.9091909033,3345430.371034871,806.286376953125
V0064,612939.9091909033,3345400.371034871,370.2901306152344
V0065,622029.9091909033,3345400.371034871,450.249755859375
V0066,567009.9091909033,3345370.371034871,742.9588012695312
V0067,662019.9091909033,3345370.371034871,544.5283203125
V0068,669459.9091909033,3345250.371034871,628.4896240234375
V0069,571929.9091909033,3345190.371034871,688.9605712890625
V0070,616929.9091909033,3345190.371034871,524.1090698242188
V0071,549849.9091909033,3345160.371034871,378.8921203613281
V0072,606909.9091909033,3345160.371034871,445.2974853515625
V0073,632919.9091909033,3345160.371034871,297.7017517089844
V0074,642399.9091909033,3345160.371034871,716.8041381835938
V0075,645459.9091909033,3345160.371034871,373.70269775390625
V0076,579429.9091909033,3345130.371034871,313.7862548828125
V0077,588009.9091909033,3345130.371034871,736.5144653320312
V0078,619419.9091909033,3345130.371034871,302.86834716796875
V0079,624429.9091909033,3345070.371034871,449.4226989746094
V0080,629829.9091909033,3345070.371034871,290.5887451171875
V0081,665559.9091909033,3345070.371034871,733.2308349609375
V0082,560139.9091909033,3345040.371034871,784.9478149414062
V0083,584379.9091909033,3345010.371034871,616.1744384765625
V0084,605589.9091909033,3345010.371034871,753.7343139648438
V0085,656889.9091909033,3345010.371034871,740.3125610351562
V0086,593049.9091909033,3344950.371034871,611.77685546875
V0087,594819.9091909033,3344920.371034871,670.0551147460938
V0088,653049.9091909033,3344920.371034871,607.716796875
V0089,589599.9091909033,3344890.371034871,485.1196594238281
V0090,654429.9091909033,3344890.371034871,559.86865234375
V0091,668049.9091909033,3344860.371034871,647.6678466796875
V0092,596919.9091909033,3344830.371034871,539.7847900390625
V0093,564969.9091909033,3344800.371034871,859.1820678710938
V0094,635529.9091909033,3344770.371034871,630.1024780273438
V0095,636939.9091909033,3344770.371034871,772.1708984375
V0096,639459.9091909033,3344770.371034871,618.5588989257812
V0097,675519.9091909033,3344770.371034871,710.4356689453125
V0098,547929.9091909033,3344740.371034871,402.5235595703125
V0099,614469.9091909033,3344740.371034871,299.9505615234375
V0100,672789.9091909033,3344740.371034871,461.4019775390625
V0101,561969.9091909033,3344710.371034871,799.7381591796875
V0102,610449.9091909033,3344680.371034871,313.96661376953125
V0103,557049.9091909033,3344620.371034871,472.0366516113281
V0104,582279.9091909033,3344620.371034871,522.1312866210938
V0105,647289.9091909033,3344470.371034871,421.77294921875
V0106,574989.9091909033,3344440.371034871,261.3533935546875
V0107,554979.9091909033,3344410.371034871,309.9305114746094
V0108,599979.9091909033,3344410.371034871,687.2781982421875
V0109,554829.9091909033,3343090.371034871,676.1964111328125
V0110,567549.9091909033,3343090.371034871,746.5231323242188
V0111,660099.9091909033,3343090.371034871,661.4823608398438
V0112,582399.9091909033,3343030.371034871,507.3308410644531
V0113,562149.9091909033,3343000.371034871,862.3841552734375
V0114,647709.9091909033,3342910.371034871,732.35107421875
V0115,595479.9091909033,3342880.371034871,532.2249145507812
V0116,617289.9091909033,3342850.371034871,494.3211975097656
V0117,597609.9091909033,3342820.371034871,749.429931640625
V0118,645069.9091909033,3342820.371034871,323.19854736328125
V0119,548019.9091909033,3342730.371034871,247.61190795898438
V0120,585549.9091909033,3342700.371034871,506.5703430175781
V0121,632949.9091909033,3342700.371034871,295.6132507324219
V0122,675549.9091909033,3342700.371034871,1075.9986572265625
V0123,544419.9091909033,3342670.371034871,275.1992492675781
V0124,550149.9091909033,3342670.371034871,230.03758239746094
V0125,629439.9091909033,3342640.371034871,521.9962158203125
V0126,650499.9091909033,3342640.371034871,589.58251953125
V0127,565599.9091909033,3342520.371034871,727.773193359375
V0128,626889.9091909033,3342520.371034871,676.9037475585938
V0129,635589.9091909033,3342520.371034871,451.04620361328125
V0130,664869.9091909033,3342520.371034871,760.2910766601562
V0131,593049.9091909033,3342460.371034871,436.7737121582031
V0132,607569.9091909033,3342460.371034871,914.9226684570312
V0133,569649.9091909033,3342430.371034871,422.7786865234375
V0134,580179.9091909033,3342430.371034871,534.8734130859375
V0135,557289.9091909033,3342400.371034871,458.7752990722656
V0136,560559.9091909033,3342340.371034871,638.8743896484375
V0137,620139.9091909033,3342340.371034871,430.8144836425781
V0138,623019.9091909033,3342280.371034871,450.4378967285156
V0139,658029.9091909033,3342280.371034871,962.8668823242188
V0140,673029.9091909033,3342280.371034871,761.517578125
V0141,637749.9091909033,3342250.371034871,1040.8116455078125
V0142,587199.9091909033,3342220.371034871,387.83538818359375
V0143,652329.9091909033,3342220.371034871,512.3594360351562
V0144,542979.9091909033,3342190.371034871,282.4358215332031
V0145,600399.9091909033,3342190.371034871,677.0950317382812
V0146,605469.9091909033,3342160.371034871,713.7424926757812
V0147,612009.9091909033,3342160.371034871,477.9542541503906
V0148,575439.9091909033,3342130.371034871,402.77886962890625
V0149,642039.9091909033,3342130.371034871,721.517578125
V0150,655449.9091909033,3342130.371034871,454.1585998535156
V0151,602109.9091909033,3342070.371034871,401.0203857421875
V0152,639609.9091909033,3342070.371034871,748.3773803710938
V0153,669609.9091909033,3342070.371034871,486.26641845703125
V0154,572169.9091909033,3342040.371034871,307.643798828125
V0155,614619.9091909033,3342040.371034871,723.6238403320312
V0156,589929.9091909033,3342010.371034871,268.5033874511719
V0157,667569.9091909033,3342010.371034871,697.8665771484375
V0158,609759.9091909033,3341980.371034871,295.19085693359375
V0159,625059.9091909033,3341980.371034871,551.1283569335938
V0160,552429.9091909033,3341950.371034871,586.1126708984375
V0161,577659.9091909033,3341950.371034871,418.5953369140625
V0162,662379.9091909033,3341950.371034871,691.8310546875
V0163,592479.9091909033,3340600.371034871,409.9626159667969
V0164,662499.9091909033,3340600.371034871,527.7074584960938
V0165,555009.9091909033,3340570.371034871,286.287841796875
V0166,560229.9091909033,3340540.371034871,388.9196472167969
V0167,665289.9091909033,3340510.371034871,644.0122680664062
V0168,547119.9091909033,3340480.371034871,254.55015563964844
V0169,629619.9091909033,3340480.371034871,548.5308837890625
V0170,644709.9091909033,3340480.371034871,386.1096496582031
V0171,672849.9091909033,3340480.371034871,983.796875
V0172,647109.9091909033,3340450.371034871,416.1041564941406
V0173,657099.9091909033,3340450.371034871,744.0424194335938
V0174,650439.9091909033,3340390.371034871,596.6467895507812
V0175,550479.9091909033,3340360.371034871,329.1900939941406
V0176,577149.9091909033,3340300.371034871,427.16925048828125
V0177,597819.9091909033,3340300.371034871,652.9456176757812
V0178,625509.9091909033,3340300.371034871,441.2559814453125
V0179,564459.9091909033,3340240.371034871,589.1310424804688
V0180,566949.9091909033,3340240.371034871,568.9520263671875
V0181,575349.9091909033,3340150.371034871,680.8446655273438
V0182,584529.9091909033,3340150.371034871,420.7626953125
V0183,594429.9091909033,3340150.371034871,494.6078796386719
V0184,607689.9091909033,3340150.371034871,1008.34375
V0185,637899.9091909033,3340150.371034871,1252.47265625
V0186,641919.9091909033,3340150.371034871,364.1966247558594
V0187,600549.9091909033,3340120.371034871,457.4200744628906
V0188,580479.9091909033,3340090.371034871,531.6704711914062
V0189,605589.9091909033,3340000.371034871,446.7862243652344
V0190,626889.9091909033,3340000.371034871,685.674560546875
V0191,602349.9091909033,3339940.371034871,325.7813415527344
V0192,623049.9091909033,3339940.371034871,290.4483947753906
V0193,669429.9091909033,3339880.371034871,592.4340209960938
V0194,660549.9091909033,3339850.371034871,451.39007568359375
V0195,667869.9091909033,3339820.371034871,599.8303833007812
V0196,572289.9091909033,3339730.371034871,668.7847290039062
V0197,562809.9091909033,3339700.371034871,492.06109619140625
V0198,615459.9091909033,3339670.371034871,1003.0279541015625
V0199,640299.9091909033,3339670.371034871,796.8648071289062
V0200,617019.9091909033,3339640.371034871,1006.9317016601562
V0201,582219.9091909033,3339610.371034871,608.7103271484375
V0202,619839.9091909033,3339610.371034871,704.6278686523438
V0203,609639.9091909033,3339520.371034871,766.3443603515625
V0204,635289.9091909033,3339520.371034871,712.421142578125
V0205,552789.9091909033,3339490.371034871,220.54327392578125
V0206,632799.9091909033,3339490.371034871,333.30072021484375
V0207,587439.9091909033,3339460.371034871,361.0331115722656
V0208,590169.9091909033,3339460.371034871,276.4936828613281
V0209,652719.9091909033,3339460.371034871,562.7831420898438
V0210,542679.9091909033,3339430.371034871,312.00933837890625
V0211,544839.9091909033,3339430.371034871,599.0138549804688
V0212,557349.9091909033,3339430.371034871,376.07830810546875
V0213,570099.9091909033,3339430.371034871,410.0345458984375
V0214,612459.9091909033,3339430.371034871,876.8870849609375
V0215,654969.9091909033,3339430.371034871,665.5439453125
V0216,674799.9091909033,3339430.371034871,1065.4586181640625
V0217,667479.9091909033,3338110.371034871,475.3059997558594
V0218,587529.9091909033,3338080.371034871,437.8677673339844
V0219,592299.9091909033,3338080.371034871,543.1256713867188
V0220,644859.9091909033,3338080.371034871,304.3824768066406
V0221,655089.9091909033,3338080.371034871,803.6522827148438
V0222,625269.9091909033,3338020.371034871,648.6753540039062
V0223,632799.9091909033,3338020.371034871,563.9047241210938
V0224,657129.9091909033,3337990.371034871,420.0220031738281
V0225,664689.9091909033,3337990.371034871,471.2103271484375
V0226,542889.9091909033,3337960.371034871,899.7098388671875
V0227,627879.9091909033,3337900.371034871,437.3897705078125
V0228,639519.9091909033,3337870.371034871,672.7960815429688
V0229,594639.9091909033,3337840.371034871,473.7494812011719
V0230,547869.9091909033,3337810.371034871,558.2304077148438
V0231,641979.9091909033,3337810.371034871,314.24993896484375
V0232,552729.9091909033,3337720.371034871,684.2317504882812
V0233,599409.9091909033,3337690.371034871,615.8756713867188
V0234,603069.9091909033,3337690.371034871,505.69708251953125
V0235,659409.9091909033,3337690.371034871,373.45062255859375
V0236,675549.9091909033,3337660.371034871,985.252685546875
V0237,577929.9091909033,3337630.371034871,571.868408203125
V0238,629499.9091909033,3337630.371034871,787.5432739257812
V0239,584949.9091909033,3337600.371034871,470.5455017089844
V0240,557829.9091909033,3337540.371034871,438.8551025390625
V0241,562239.9091909033,3337540.371034871,522.5957641601562
V0242,564939.9091909033,3337540.371034871,472.8795471191406
V0243,544389.9091909033,3337510.371034871,582.3508911132812
V0244,560319.9091909033,3337510.371034871,661.914306640625
V0245,571899.9091909033,3337510.371034871,429.5479736328125
V0246,590289.9091909033,3337510.371034871,573.9793701171875
V0247,615549.9091909033,3337510.371034871,1460.8409423828125
V0248,671919.9091909033,3337480.371034871,1297.0704345703125
V0249,636999.9091909033,3337450.371034871,801.3084716796875
V0250,549639.9091909033,3337420.371034871,311.30035400390625
V0251,597279.9091909033,3337420.371034871,630.4894409179688
V0252,582189.9091909033,3337360.371034871,455.7715759277344
V0253,619479.9091909033,3337330.371034871,575.7901000976562
V0254,652449.9091909033,3337330.371034871,937.33154296875
V0255,662049.9091909033,3337300.371034871,441.51190185546875
V0256,567759.9091909033,3337270.371034871,723.6279907226562
V0257,569439.9091909033,3337270.371034871,568.7505493164062
V0258,575499.9091909033,3337270.371034871,543.9010009765625
V0259,608019.9091909033,3337270.371034871,1089.5211181640625
V0260,612969.9091909033,3337240.371034871,1221.8616943359375
V0261,622239.9091909033,3337210.371034871,430.861572265625
V0262,635499.9091909033,3337210.371034871,968.1495361328125
V0263,670509.9091909033,3337210.371034871,779.9910278320312
V0264,647739.9091909033,3337180.371034871,533.184326171875
V0265,604509.9091909033,3337150.371034871,442.36480712890625
V0266,617439.9091909033,3337090.371034871,1136.2987060546875
V0267,609759.9091909033,3336970.371034871,1483.501220703125
V0268,555129.9091909033,3336940.371034871,484.47198486328125
V0269,580119.9091909033,3336940.371034871,363.16387939453125
V0270,650169.9091909033,3336940.371034871,874.274169921875
V0271,635169.9091909033,3335590.371034871,850.4887084960938
V0272,642669.9091909033,3335590.371034871,551.7928466796875
V0273,649839.9091909033,3335590.371034871,969.2156982421875
V0274,570219.9091909033,3335560.371034871,509.31256103515625
V0275,597159.9091909033,3335500.371034871,584.9107055664062
V0276,647859.9091909033,3335500.371034871,705.4003295898438
V0277,654639.9091909033,3335500.371034871,630.3312377929688
V0278,607929.9091909033,3335410.371034871,874.630126953125
V0279,632949.9091909033,3335410.371034871,760.7171020507812
V0280,575139.9091909033,3335380.371034871,436.10125732421875
V0281,617019.9091909033,3335380.371034871,1214.4932861328125
V0282,662229.9091909033,3335380.371034871,430.52032470703125
V0283,567609.9091909033,3335290.371034871,793.9727783203125
V0284,627999.9091909033,3335290.371034871,657.5631713867188
V0285,636969.9091909033,3335290.371034871,912.1315307617188
V0286,577959.9091909033,3335260.371034871,583.8413696289062
V0287,645519.9091909033,3335260.371034871,685.3831787109375
V0288,639459.9091909033,3335230.371034871,320.7601013183594
V0289,609789.9091909033,3335200.371034871,1609.56103515625
V0290,619419.9091909033,3335200.371034871,434.71099853515625
V0291,675219.9091909033,3335200.371034871,1094.7509765625
V0292,557949.9091909033,3335140.371034871,671.593994140625
V0293,651909.9091909033,3335080.371034871,815.26953125
V0294,668019.9091909033,3335080.371034871,354.14947509765625
V0295,542949.9091909033,3335050.371034871,500.7166748046875
V0296,580539.9091909033,3335020.371034871,582.2254028320312
V0297,590439.9091909033,3335020.371034871,342.9364013671875
V0298,630429.9091909033,3334990.371034871,932.6817016601562
V0299,563049.9091909033,3334960.371034871,399.5908508300781
V0300,595029.9091909033,3334900.371034871,572.501953125
V0301,615309.9091909033,3334870.371034871,1426.023681640625
V0302,625479.9091909033,3334870.371034871,491.0608215332031
V0303,673059.9091909033,3334840.371034871,1033.46484375
V0304,547929.9091909033,3334810.371034871,320.0497131347656
V0305,582849.9091909033,3334810.371034871,529.6823120117188
V0306,657999.9091909033,3334810.371034871,410.6426086425781
V0307,544479.9091909033,3334780.371034871,326.3033142089844
V0308,573039.9091909033,3334780.371034871,469.7273254394531
V0309,592899.9091909033,3334750.371034871,525.6552124023438
V0310,584469.9091909033,3334720.371034871,427.4949035644531
V0311,554529.9091909033,3334690.371034871,397.29620361328125
V0312,665319.9091909033,3334690.371034871,424.07794189453125
V0313,560469.9091909033,3334660.371034871,290.43829345703125
V0314,605469.9091909033,3334660.371034871,646.354248046875
V0315,659499.9091909033,3334660.371034871,654.17529296875
V0316,612189.9091909033,3334630.371034871,1800.0177001953125
V0317,587499.9091909033,3334600.371034871,437.51678466796875
V0318,600279.9091909033,3334510.371034871,511.2644958496094
V0319,670269.9091909033,3334510.371034871,1154.0025634765625
V0320,550119.9091909033,3334450.371034871,429.70208740234375
V0321,552669.9091909033,3334450.371034871,287.3826904296875
V0322,565059.9091909033,3334450.371034871,510.3012390136719
V0323,602619.9091909033,3334450.371034871,472.67779541015625
V0324,622659.9091909033,3334450.371034871,433.7318420410156
V0325,605079.9091909033,3333070.371034871,716.8582763671875
V0326,629949.9091909033,3333070.371034871,1132.1575927734375
V0327,645039.9091909033,3333070.371034871,417.2828063964844
V0328,659949.9091909033,3333070.371034871,774.4414672851562
V0329,617319.9091909033,3333040.371034871,619.9015502929688
V0330,552429.9091909033,3332980.371034871,602.4229736328125
V0331,589779.9091909033,3332980.371034871,468.14691162109375
V0332,565329.9091909033,3332920.371034871,625.67578125
V0333,664509.9091909033,3332860.371034871,384.444091796875
V0334,572169.9091909033,3332830.371034871,579.5396118164062
V0335,632979.9091909033,3332830.371034871,1218.3173828125
V0336,612999.9091909033,3332800.371034871,1710.5244140625
V0337,654579.9091909033,3332800.371034871,595.7582397460938
V0338,555009.9091909033,3332740.371034871,567.8606567382812
V0339,578019.9091909033,3332740.371034871,518.0125732421875
V0340,584409.9091909033,3332680.371034871,571.634521484375
V0341,650229.9091909033,3332680.371034871,628.9669189453125
V0342,662319.9091909033,3332680.371034871,465.3737487792969
V0343,669429.9091909033,3332650.371034871,1259.2652587890625
V0344,602649.9091909033,3332620.371034871,661.192626953125
V0345,619479.9091909033,3332620.371034871,563.3482666015625
V0346,570009.9091909033,3332590.371034871,635.5618286132812
V0347,596949.9091909033,3332590.371034871,702.1767578125
V0348,599949.9091909033,3332530.371034871,842.5252075195312
V0349,581979.9091909033,3332500.371034871,636.6451416015625
V0350,587979.9091909033,3332500.371034871,516.5286254882812
V0351,623079.9091909033,3332500.371034871,651.1420288085938
V0352,668079.9091909033,3332500.371034871,689.0363159179688
V0353,672999.9091909033,3332470.371034871,925.1871337890625
V0354,574419.9091909033,3332440.371034871,483.5570068359375
V0355,615339.9091909033,3332350.371034871,1144.8084716796875
V0356,648069.9091909033,3332320.371034871,624.726318359375
V0357,636939.9091909033,3332290.371034871,485.8089904785156
V0358,568029.9091909033,3332260.371034871,607.4573364257812
V0359,579459.9091909033,3332260.371034871,373.0345153808594
V0360,628029.9091909033,3332260.371034871,955.1849975585938
V0361,542019.9091909033,3332230.371034871,590.2489013671875
V0362,557709.9091909033,3332200.371034871,258.3777770996094
V0363,545469.9091909033,3332140.371034871,675.1785278320312
V0364,657009.9091909033,3332140.371034871,411.1971435546875
V0365,559719.9091909033,3332110.371034871,351.5504455566406
V0366,592659.9091909033,3332110.371034871,318.70379638671875
V0367,562689.9091909033,3332080.371034871,432.67108154296875
V0368,550239.9091909033,3332050.371034871,617.811279296875
V0369,594639.9091909033,3332020.371034871,573.252685546875
V0370,607839.9091909033,3332020.371034871,1203.6668701171875
V0371,547749.9091909033,3331990.371034871,406.8426513671875
V0372,642189.9091909033,3331990.371034871,650.3792724609375
V0373,609759.9091909033,3331960.371034871,1588.29736328125
V0374,652719.9091909033,3331960.371034871,577.3489990234375
V0375,624909.9091909033,3331930.371034871,1002.8348388671875
V0376,634809.9091909033,3331930.371034871,993.7554321289062
V0377,640149.9091909033,3331930.371034871,597.6071166992188
V0378,674979.9091909033,3331900.371034871,1165.3946533203125
V0379,609819.9091909033,3330580.371034871,1284.7000732421875
V0380,660099.9091909033,3330580.371034871,547.1013793945312
V0381,634719.9091909033,3330520.371034871,909.846435546875
V0382,667779.9091909033,3330520.371034871,549.12060546875
V0383,587649.9091909033,3330490.371034871,465.43292236328125
V0384,650319.9091909033,3330490.371034871,389.9515075683594
V0385,554589.9091909033,3330460.371034871,590.6852416992188
V0386,570369.9091909033,3330460.371034871,451.9765930175781
V0387,627879.9091909033,3330460.371034871,1105.292724609375
V0388,564579.9091909033,3330430.371034871,471.3914489746094
V0389,572919.9091909033,3330430.371034871,542.1668090820312
V0390,574569.9091909033,3330430.371034871,485.8201904296875
V0391,632769.9091909033,3330430.371034871,1392.5050048828125
V0392,645219.9091909033,3330400.371034871,544.895263671875
V0393,582909.9091909033,3330370.371034871,502.5142517089844
V0394,614499.9091909033,3330370.371034871,829.5947265625
V0395,550509.9091909033,3330310.371034871,645.0515747070312
V0396,607989.9091909033,3330310.371034871,1425.9649658203125
V0397,674469.9091909033,3330310.371034871,1119.4468994140625
V0398,636939.9091909033,3330220.371034871,740.3386840820312
V0399,655539.9091909033,3330220.371034871,283.6983642578125
V0400,629409.9091909033,3330190.371034871,983.7045288085938
V0401,652209.9091909033,3330160.371034871,326.2480773925781
V0402,580179.9091909033,3330130.371034871,373.59765625
V0403,622119.9091909033,3330100.371034871,1078.3779296875
V0404,544449.9091909033,3330070.371034871,680.6495361328125
V0405,646929.9091909033,3330040.371034871,524.2862548828125
V0406,548079.9091909033,3330010.371034871,589.9160766601562
V0407,619449.9091909033,3329920.371034871,1028.6279296875
V0408,567579.9091909033,3329890.371034871,549.1238403320312
V0409,600549.9091909033,3329830.371034871,1132.9808349609375
V0410,605559.9091909033,3329830.371034871,926.8538208007812
V0411,578019.9091909033,3329770.371034871,508.50823974609375
V0412,594849.9091909033,3329770.371034871,1121.146484375
V0413,552609.9091909033,3329740.371034871,578.466064453125
V0414,558009.9091909033,3329740.371034871,386.5255126953125
V0415,592989.9091909033,3329740.371034871,753.1083984375
V0416,597219.9091909033,3329740.371034871,1052.9271240234375
V0417,612009.9091909033,3329680.371034871,1339.6759033203125
V0418,664539.9091909033,3329650.371034871,427.66229248046875
V0419,625449.9091909033,3329620.371034871,1228.6375732421875
V0420,560319.9091909033,3329590.371034871,307.183837890625
V0421,584679.9091909033,3329590.371034871,572.1546630859375
V0422,642189.9091909033,3329590.371034871,493.2749328613281
V0423,590379.9091909033,3329560.371034871,763.0625610351562
V0424,640299.9091909033,3329500.371034871,725.5284423828125
V0425,672789.9091909033,3329500.371034871,1264.8475341796875
V0426,542529.9091909033,3329440.371034871,714.1006469726562
V0427,562329.9091909033,3329440.371034871,469.2677917480469
V0428,602319.9091909033,3329440.371034871,1049.021728515625
V0429,617589.9091909033,3329440.371034871,577.1474609375
V0430,657669.9091909033,3329440.371034871,477.035888671875
V0431,662649.9091909033,3329440.371034871,423.4006042480469
V0432,670029.9091909033,3329440.371034871,1222.5029296875
V0433,564999.9091909033,3328120.371034871,425.62640380859375
V0434,569979.9091909033,3328120.371034871,556.858642578125
V0435,615099.9091909033,3328090.371034871,655.3125
V0436,634959.9091909033,3328090.371034871,831.5418701171875
V0437,644859.9091909033,3328090.371034871,383.2393798828125
V0438,670149.9091909033,3328090.371034871,1233.652099609375
V0439,560229.9091909033,3328060.371034871,299.2049560546875
V0440,647199.9091909033,3328030.371034871,272.6302795410156
V0441,652659.9091909033,3328000.371034871,193.18212890625
V0442,659649.9091909033,3328000.371034871,380.2042236328125
V0443,590349.9091909033,3327970.371034871,1154.544677734375
V0444,607869.9091909033,3327970.371034871,962.6043090820312
V0445,655389.9091909033,3327970.371034871,463.59619140625
V0446,619539.9091909033,3327910.371034871,1155.8741455078125
V0447,612009.9091909033,3327880.371034871,828.0648193359375
V0448,632019.9091909033,3327880.371034871,1040.86376953125
V0449,649569.9091909033,3327880.371034871,229.24745178222656
V0450,582069.9091909033,3327820.371034871,375.97418212890625
V0451,566949.9091909033,3327760.371034871,499.986083984375
V0452,637419.9091909033,3327760.371034871,672.2205200195312
V0453,562239.9091909033,3327730.371034871,691.2713623046875
V0454,609429.9091909033,3327700.371034871,1236.3299560546875
V0455,624549.9091909033,3327700.371034871,1378.0341796875
V0456,588069.9091909033,3327640.371034871,739.3804321289062
V0457,668049.9091909033,3327640.371034871,650.2720336914062
V0458,557469.9091909033,3327580.371034871,395.0874328613281
V0459,604389.9091909033,3327520.371034871,1276.6978759765625
V0460,657009.9091909033,3327520.371034871,476.91845703125
V0461,663099.9091909033,3327520.371034871,762.4249267578125
V0462,585249.9091909033,3327490.371034871,840.8560791015625
V0463,664449.9091909033,3327400.371034871,957.3027954101562
V0464,623049.9091909033,3327370.371034871,1180.809326171875
V0465,595359.9091909033,3327340.371034871,901.4703369140625
V0466,618069.9091909033,3327340.371034871,1019.2464599609375
V0467,674409.9091909033,3327340.371034871,760.3177490234375
V0468,642849.9091909033,3327280.371034871,695.1660766601562
V0469,672849.9091909033,3327220.371034871,1076.5716552734375
V0470,629499.9091909033,3327160.371034871,791.6847534179688
V0471,552279.9091909033,3327100.371034871,762.9561157226562
V0472,554559.9091909033,3327100.371034871,525.8797607421875
V0473,639579.9091909033,3327100.371034871,631.3755493164062
V0474,597429.9091909033,3327070.371034871,1104.8028564453125
V0475,549639.9091909033,3327040.371034871,910.017578125
V0476,574629.9091909033,3327040.371034871,355.3809814453125
V0477,602859.9091909033,3327040.371034871,1114.08984375
V0478,577779.9091909033,3327010.371034871,519.343017578125
V0479,542739.9091909033,3326980.371034871,895.23828125
V0480,547629.9091909033,3326950.371034871,728.40966796875
V0481,579819.9091909033,3326950.371034871,575.8866577148438
V0482,592659.9091909033,3326950.371034871,779.8895874023438
V0483,627669.9091909033,3326950.371034871,906.6243286132812
V0484,544989.9091909033,3326920.371034871,968.8123779296875
V0485,572499.9091909033,3326920.371034871,649.7988891601562
V0486,599979.9091909033,3326920.371034871,1191.9461669921875
V0487,672369.9091909033,3325570.371034871,811.5682373046875
V0488,557259.9091909033,3325540.371034871,363.65765380859375
V0489,615189.9091909033,3325540.371034871,820.7740478515625
V0490,644769.9091909033,3325540.371034871,274.18505859375
V0491,587289.9091909033,3325510.371034871,964.7149047851562
V0492,604719.9091909033,3325510.371034871,1251.0992431640625
V0493,640299.9091909033,3325510.371034871,527.766845703125
V0494,662799.9091909033,3325510.371034871,642.2852172851562
V0495,674679.9091909033,3325510.371034871,532.9091186523438
V0496,624669.9091909033,3325450.371034871,1165.5
V0497,622839.9091909033,3325390.371034871,825.837158203125
V0498,664539.9091909033,3325390.371034871,516.9176025390625
V0499,562359.9091909033,3325360.371034871,283.94580078125
V0500,597009.9091909033,3325360.371034871,914.1881713867188
V0501,612969.9091909033,3325360.371034871,726.5957641601562
V0502,634509.9091909033,3325360.371034871,640.2705078125
V0503,642819.9091909033,3325360.371034871,410.594482421875
V0504,602979.9091909033,3325330.371034871,981.736572265625
V0505,619749.9091909033,3325330.371034871,625.2022094726562
V0506,591969.9091909033,3325300.371034871,1054.32080078125
V0507,609489.9091909033,3325300.371034871,785.2909545898438
V0508,637089.9091909033,3325300.371034871,527.1011962890625
V0509,595539.9091909033,3325210.371034871,1041.05126953125
V0510,632529.9091909033,3325210.371034871,800.9959106445312
V0511,581919.9091909033,3325180.371034871,600.78173828125
V0512,647019.9091909033,3325180.371034871,220.82586669921875
V0513,554409.9091909033,3325150.371034871,282.115966796875
V0514,628029.9091909033,3325120.371034871,899.3736572265625
V0515,589419.9091909033,3325090.371034871,997.009521484375
V0516,577299.9091909033,3325030.371034871,801.607177734375
V0517,544419.9091909033,3324970.371034871,1545.6361083984375
V0518,654429.9091909033,3324940.371034871,278.36346435546875
V0519,630279.9091909033,3324850.371034871,761.3782958984375
V0520,551919.9091909033,3324820.371034871,1156.9835205078125
V0521,667239.9091909033,3324790.371034871,669.0853271484375
V0522,599439.9091909033,3324760.371034871,804.8775634765625
V0523,606999.9091909033,3324640.371034871,751.445068359375
V0524,617979.9091909033,3324640.371034871,703.7205200195312
V0525,670089.9091909033,3324640.371034871,745.3606567382812
V0526,550239.9091909033,3324580.371034871,1305.1947021484375
V0527,652419.9091909033,3324580.371034871,425.7561340332031
V0528,559839.9091909033,3324550.371034871,233.1393585205078
V0529,657669.9091909033,3324550.371034871,305.38250732421875
V0530,659619.9091909033,3324550.371034871,520.1324462890625
V0531,570339.9091909033,3324520.371034871,665.5267333984375
V0532,547509.9091909033,3324490.371034871,1088.567626953125
V0533,565299.9091909033,3324490.371034871,323.52655029296875
V0534,572199.9091909033,3324490.371034871,812.83544921875
V0535,574809.9091909033,3324490.371034871,508.0525207519531
V0536,584769.9091909033,3324460.371034871,581.6089477539062
V0537,567609.9091909033,3324430.371034871,441.1744079589844
V0538,579909.9091909033,3324430.371034871,953.3292236328125
V0539,649929.9091909033,3324430.371034871,228.48793029785156
V0540,542499.9091909033,3324400.371034871,1252.7821044921875
V0541,544869.9091909033,3323080.371034871,1524.7733154296875
V0542,572439.9091909033,3323080.371034871,1011.5457763671875
V0543,579969.9091909033,3323080.371034871,568.9081420898438
V0544,587589.9091909033,3323080.371034871,764.1761474609375
V0545,652629.9091909033,3323050.371034871,227.04904174804688
V0546,664689.9091909033,3323020.371034871,433.5945739746094
V0547,552129.9091909033,3322990.371034871,933.829833984375
V0548,657819.9091909033,3322990.371034871,638.920654296875
V0549,667269.9091909033,3322990.371034871,607.0262451171875
V0550,669909.9091909033,3322990.371034871,638.15966796875
V0551,577869.9091909033,3322960.371034871,654.8684692382812
V0552,592059.9091909033,3322930.371034871,744.0698852539062
V0553,590289.9091909033,3322900.371034871,1153.1806640625
V0554,662139.9091909033,3322900.371034871,794.1782836914062
V0555,549519.9091909033,3322870.371034871,1221.8446044921875
V0556,622389.9091909033,3322840.371034871,818.8847045898438
V0557,660459.9091909033,3322840.371034871,505.52325439453125
V0558,569469.9091909033,3322810.371034871,1052.533935546875
V0559,594489.9091909033,3322810.371034871,652.1734008789062
V0560,626949.9091909033,3322720.371034871,482.8806457519531
V0561,546909.9091909033,3322660.371034871,1449.068603515625
V0562,609519.9091909033,3322600.371034871,590.2015380859375
V0563,647799.9091909033,3322600.371034871,248.72938537597656
V0564,615519.9091909033,3322570.371034871,795.1655883789062
V0565,625599.9091909033,3322510.371034871,821.2606811523438
V0566,630519.9091909033,3322510.371034871,448.1052551269531
V0567,639399.9091909033,3322510.371034871,343.3321228027344
V0568,603069.9091909033,3322480.371034871,684.8160400390625
V0569,642009.9091909033,3322480.371034871,240.27003479003906
V0570,634419.9091909033,3322450.371034871,540.29248046875
V0571,563049.9091909033,3322420.371034871,596.8128051757812
V0572,606909.9091909033,3322360.371034871,628.18994140625
V0573,644469.9091909033,3322360.371034871,254.48948669433594
V0574,574449.9091909033,3322330.371034871,508.5998840332031
V0575,585159.9091909033,3322330.371034871,766.1845092773438
V0576,557979.9091909033,3322300.371034871,550.9786376953125
V0577,598029.9091909033,3322270.371034871,937.873779296875
V0578,636939.9091909033,3322270.371034871,630.534423828125
V0579,600189.9091909033,3322240.371034871,910.6986083984375
V0580,633009.9091909033,3322210.371034871,493.58978271484375
V0581,674709.9091909033,3322210.371034871,650.34423828125
V0582,654999.9091909033,3322180.371034871,377.0485534667969
V0583,582009.9091909033,3322150.371034871,609.3321533203125
V0584,605469.9091909033,3322150.371034871,720.6758422851562
V0585,617979.9091909033,3322150.371034871,622.2022705078125
V0586,567939.9091909033,3322120.371034871,977.869384765625
V0587,612609.9091909033,3322120.371034871,717.2578735351562
V0588,650439.9091909033,3322120.371034871,247.83563232421875
V0589,672939.9091909033,3322120.371034871,502.1408996582031
V0590,564639.9091909033,3322030.371034871,925.5379638671875
V0591,542799.9091909033,3322000.371034871,1316.4569091796875
V0592,555039.9091909033,3321940.371034871,567.3486328125
V0593,559869.9091909033,3321940.371034871,620.4029541015625
V0594,620139.9091909033,3321940.371034871,765.351318359375
V0595,567489.9091909033,3320620.371034871,895.9127197265625
V0596,619749.9091909033,3320560.371034871,689.2130737304688
V0597,609789.9091909033,3320530.371034871,598.3290405273438
V0598,612219.9091909033,3320530.371034871,603.6783447265625
V0599,655269.9091909033,3320530.371034871,670.0084838867188
V0600,597849.9091909033,3320500.371034871,453.1001892089844
V0601,549579.9091909033,3320440.371034871,521.0026245117188
V0602,589719.9091909033,3320440.371034871,889.5455322265625
V0603,642189.9091909033,3320440.371034871,278.22369384765625
V0604,632949.9091909033,3320410.371034871,634.6543579101562
V0605,555069.9091909033,3320380.371034871,923.0269165039062
V0606,635469.9091909033,3320380.371034871,423.0108947753906
V0607,542019.9091909033,3320350.371034871,1092.0103759765625
V0608,629829.9091909033,3320320.371034871,272.62933349609375
V0609,663009.9091909033,3320320.371034871,457.2790222167969
V0610,645399.9091909033,3320290.371034871,250.94827270507812
V0611,544449.9091909033,3320260.371034871,914.0068969726562
V0612,617859.9091909033,3320260.371034871,477.75335693359375
V0613,659859.9091909033,3320230.371034871,410.6086120605469
V0614,571929.9091909033,3320200.371034871,596.044677734375
V0615,595089.9091909033,3320200.371034871,356.37030029296875
V0616,647979.9091909033,3320200.371034871,218.198486328125
V0617,564849.9091909033,3320170.371034871,950.0029296875
V0618,577569.9091909033,3320080.371034871,562.1356811523438
V0619,582039.9091909033,3320080.371034871,675.1627807617188
V0620,639549.9091909033,3320050.371034871,377.17144775390625
V0621,553089.9091909033,3320020.371034871,824.5989990234375
V0622,600369.9091909033,3320020.371034871,837.4400024414062
V0623,628089.9091909033,3320020.371034871,328.3028259277344
V0624,652779.9091909033,3320020.371034871,255.68075561523438
V0625,546909.9091909033,3319990.371034871,884.4287109375
V0626,608049.9091909033,3319990.371034871,689.80078125
V0627,675279.9091909033,3319990.371034871,675.752685546875
V0628,604419.9091909033,3319930.371034871,749.0665283203125
V0629,562089.9091909033,3319900.371034871,842.8809814453125
V0630,623049.9091909033,3319870.371034871,780.3220825195312
V0631,560079.9091909033,3319810.371034871,963.29345703125
V0632,657459.9091909033,3319810.371034871,428.5884094238281
V0633,664449.9091909033,3319780.371034871,544.7880859375
V0634,579489.9091909033,3319750.371034871,558.7533569335938
V0635,602019.9091909033,3319720.371034871,672.5542602539062
V0636,637509.9091909033,3319720.371034871,626.317626953125
V0637,557469.9091909033,3319690.371034871,922.755126953125
V0638,670479.9091909033,3319690.371034871,478.3520202636719
V0639,574659.9091909033,3319630.371034871,743.802001953125
V0640,614979.9091909033,3319600.371034871,860.5051879882812
V0641,649959.9091909033,3319540.371034871,422.6854553222656
V0642,570279.9091909033,3319510.371034871,747.7284545898438
V0643,667779.9091909033,3319510.371034871,457.84661865234375
V0644,625029.9091909033,3319480.371034871,730.7739868164062
V0645,587409.9091909033,3319450.371034871,929.1536254882812
V0646,592329.9091909033,3319450.371034871,667.3536376953125
V0647,672369.9091909033,3319450.371034871,613.8560180664062
V0648,584979.9091909033,3319420.371034871,836.9261474609375
V0649,562479.9091909033,3318100.371034871,545.7129516601562
V0650,584979.9091909033,3318100.371034871,936.8707275390625
V0651,542679.9091909033,3318070.371034871,542.5955200195312
V0652,559899.9091909033,3318070.371034871,476.1942443847656
V0653,570159.9091909033,3318070.371034871,632.9503784179688
V0654,552399.9091909033,3318040.371034871,504.3110656738281
V0655,550299.9091909033,3318010.371034871,497.94464111328125
V0656,642189.9091909033,3317980.371034871,225.7779083251953
V0657,544719.9091909033,3317950.371034871,301.8980712890625
V0658,547689.9091909033,3317950.371034871,498.2190856933594
V0659,557289.9091909033,3317950.371034871,676.89892578125
V0660,574599.9091909033,3317950.371034871,686.79931640625
V0661,639609.9091909033,3317950.371034871,277.8713684082031
V0662,610419.9091909033,3317920.371034871,691.0307006835938
V0663,655059.9091909033,3317920.371034871,759.9306640625
V0664,607029.9091909033,3317890.371034871,675.6019287109375
V0665,644709.9091909033,3317890.371034871,223.868408203125
V0666,667929.9091909033,3317890.371034871,458.0790710449219
V0667,592959.9091909033,3317860.371034871,400.4328918457031
V0668,629889.9091909033,3317860.371034871,235.403076171875
V0669,597549.9091909033,3317830.371034871,675.3565063476562
V0670,576969.9091909033,3317800.371034871,538.9966430664062
V0671,617169.9091909033,3317770.371034871,511.8709716796875
V0672,626979.9091909033,3317770.371034871,272.1650695800781
V0673,554439.9091909033,3317740.371034871,568.814697265625
V0674,586929.9091909033,3317680.371034871,1004.8463745117188
V0675,594669.9091909033,3317650.371034871,372.79949951171875
V0676,659439.9091909033,3317650.371034871,341.8033447265625
V0677,565569.9091909033,3317620.371034871,514.438232421875
V0678,619419.9091909033,3317620.371034871,789.5643920898438
V0679,624429.9091909033,3317590.371034871,452.9430847167969
V0680,675549.9091909033,3317590.371034871,1052.464599609375
V0681,657549.9091909033,3317560.371034871,456.4666748046875
V0682,662739.9091909033,3317560.371034871,311.09100341796875
V0683,622419.9091909033,3317530.371034871,649.3399047851562
V0684,589419.9091909033,3317470.371034871,655.9547729492188
V0685,603069.9091909033,3317350.371034871,550.0182495117188
V0686,611919.9091909033,3317320.371034871,455.3240661621094
V0687,653049.9091909033,3317320.371034871,489.775634765625
V0688,566979.9091909033,3317260.371034871,611.8211669921875
V0689,605499.9091909033,3317230.371034871,700.2841186523438
V0690,573009.9091909033,3317200.371034871,518.5977172851562
V0691,650409.9091909033,3317140.371034871,263.7471923828125
V0692,664959.9091909033,3317140.371034871,347.64874267578125
V0693,670479.9091909033,3317140.371034871,772.11181640625
V0694,599529.9091909033,3317110.371034871,879.3786010742188
V0695,615429.9091909033,3317110.371034871,665.0780029296875
V0696,632919.9091909033,3317110.371034871,494.8424377441406
V0697,634539.9091909033,3317110.371034871,361.1153869628906
V0698,647289.9091909033,3317020.371034871,216.7671356201172
V0699,637209.9091909033,3316990.371034871,503.755859375
V0700,580209.9091909033,3316960.371034871,730.2921752929688
V0701,582579.9091909033,3316930.371034871,682.3997802734375
V0702,672489.9091909033,3316900.371034871,702.9025268554688
V0703,559899.9091909033,3315580.371034871,429.318115234375
V0704,567519.9091909033,3315580.371034871,611.6798095703125
V0705,574929.9091909033,3315580.371034871,525.4514770507812
V0706,592779.9091909033,3315520.371034871,278.7811279296875
V0707,624699.9091909033,3315520.371034871,295.1839904785156
V0708,604659.9091909033,3315490.371034871,524.0588989257812
V0709,632799.9091909033,3315490.371034871,311.88616943359375
V0710,652839.9091909033,3315490.371034871,488.21630859375
V0711,670359.9091909033,3315490.371034871,932.1612548828125
V0712,579699.9091909033,3315460.371034871,761.514892578125
V0713,612489.9091909033,3315460.371034871,558.0220336914062
V0714,642519.9091909033,3315460.371034871,192.7777557373047
V0715,589539.9091909033,3315400.371034871,274.4768371582031
V0716,595059.9091909033,3315400.371034871,620.3037719726562
V0717,627579.9091909033,3315340.371034871,232.69970703125
V0718,586989.9091909033,3315310.371034871,536.8436889648438
V0719,654729.9091909033,3315250.371034871,388.7200927734375
V0720,556989.9091909033,3315220.371034871,548.7464599609375
V0721,582369.9091909033,3315220.371034871,794.3073120117188
V0722,600519.9091909033,3315220.371034871,660.63818359375
V0723,577809.9091909033,3315190.371034871,758.4995727539062
V0724,615549.9091909033,3315190.371034871,572.7180786132812
V0725,552849.9091909033,3315130.371034871,341.9774169921875
V0726,598059.9091909033,3315130.371034871,704.7200317382812
V0727,585159.9091909033,3315100.371034871,712.9061889648438
V0728,649419.9091909033,3315100.371034871,659.6604614257812
V0729,621909.9091909033,3315040.371034871,443.88525390625
V0730,565269.9091909033,3315010.371034871,503.3142395019531
V0731,645549.9091909033,3315010.371034871,210.4139404296875
V0732,668079.9091909033,3315010.371034871,520.0338134765625
V0733,675549.9091909033,3314980.371034871,938.88916015625
V0734,619899.9091909033,3314950.371034871,770.9362182617188
V0735,634479.9091909033,3314950.371034871,384.6185607910156
V0736,546909.9091909033,3314920.371034871,458.2433166503906
V0737,573069.9091909033,3314860.371034871,463.7249755859375
V0738,639429.9091909033,3314860.371034871,370.08551025390625
V0739,542559.9091909033,3314830.371034871,363.3919372558594
V0740,648069.9091909033,3314830.371034871,520.865234375
V0741,672279.9091909033,3314830.371034871,1053.5926513671875
V0742,562389.9091909033,3314800.371034871,803.095458984375
V0743,609459.9091909033,3314800.371034871,582.5028076171875
V0744,601959.9091909033,3314770.371034871,652.9552001953125
V0745,545499.9091909033,3314710.371034871,329.4072570800781
V0746,630039.9091909033,3314680.371034871,233.71444702148438
V0747,657819.9091909033,3314650.371034871,259.3740234375
V0748,660399.9091909033,3314620.371034871,361.9420471191406
V0749,664569.9091909033,3314590.371034871,377.6758117675781
V0750,550149.9091909033,3314560.371034871,379.9501647949219
V0751,607209.9091909033,3314500.371034871,606.4946899414062
V0752,617799.9091909033,3314500.371034871,467.1091003417969
V0753,662799.9091909033,3314500.371034871,555.4244384765625
V0754,569739.9091909033,3314470.371034871,461.13446044921875
V0755,554799.9091909033,3314440.371034871,422.93084716796875
V0756,637299.9091909033,3314440.371034871,574.8375244140625
V0757,550089.9091909033,3313090.371034871,226.96823120117188
V0758,662529.9091909033,3313090.371034871,539.0616455078125
V0759,542739.9091909033,3313060.371034871,298.8663024902344
V0760,569739.9091909033,3313060.371034871,440.0169372558594
V0761,577179.9091909033,3313030.371034871,571.6090698242188
V0762,599769.9091909033,3313030.371034871,345.4361877441406
V0763,610299.9091909033,3313030.371034871,704.5562133789062
V0764,632499.9091909033,3313030.371034871,214.9860382080078
V0765,647679.9091909033,3313030.371034871,617.6734619140625
V0766,590319.9091909033,3313000.371034871,237.3447265625
V0767,614769.9091909033,3313000.371034871,517.9024047851562
V0768,644619.9091909033,3313000.371034871,193.41075134277344
V0769,617889.9091909033,3312970.371034871,447.2754211425781
V0770,637869.9091909033,3312910.371034871,331.8845520019531
V0771,655449.9091909033,3312910.371034871,260.8061218261719
V0772,554499.9091909033,3312880.371034871,337.0660705566406
V0773,562299.9091909033,3312880.371034871,652.0310668945312
V0774,584499.9091909033,3312880.371034871,518.1287841796875
V0775,634509.9091909033,3312880.371034871,380.0059814453125
V0776,659499.9091909033,3312880.371034871,450.9561462402344
V0777,669519.9091909033,3312880.371034871,695.83349609375
V0778,620319.9091909033,3312850.371034871,548.4501953125
V0779,641979.9091909033,3312820.371034871,146.89337158203125
V0780,547119.9091909033,3312790.371034871,253.69619750976562
V0781,575529.9091909033,3312760.371034871,436.3773498535156
V0782,607179.9091909033,3312760.371034871,800.6408081054688
V0783,592059.9091909033,3312730.371034871,232.50921630859375
V0784,667959.9091909033,3312730.371034871,723.0188598632812
V0785,624459.9091909033,3312670.371034871,319.337646484375
V0786,605559.9091909033,3312640.371034871,534.539306640625
V0787,567099.9091909033,3312610.371034871,449.67041015625
V0788,586929.9091909033,3312610.371034871,260.5692138671875
V0789,602409.9091909033,3312580.371034871,775.3694458007812
V0790,640329.9091909033,3312550.371034871,276.1976623535156
V0791,611889.9091909033,3312520.371034871,741.3966064453125
V0792,674379.9091909033,3312520.371034871,922.8291015625
V0793,673059.9091909033,3312490.371034871,1053.838134765625
V0794,579429.9091909033,3312460.371034871,465.6020202636719
V0795,564549.9091909033,3312430.371034871,535.4240112304688
V0796,551919.9091909033,3312370.371034871,401.61016845703125
V0797,597939.9091909033,3312370.371034871,432.3356018066406
V0798,665559.9091909033,3312370.371034871,383.753662109375
V0799,595569.9091909033,3312340.371034871,380.6180419921875
V0800,650529.9091909033,3312280.371034871,366.08282470703125
V0801,657189.9091909033,3312220.371034871,410.65020751953125
V0802,652179.9091909033,3312190.371034871,432.0109558105469
V0803,545469.9091909033,3312160.371034871,412.3201599121094
V0804,622149.9091909033,3312130.371034871,553.7243041992188
V0805,559809.9091909033,3312100.371034871,757.1954956054688
V0806,572469.9091909033,3312070.371034871,374.88623046875
V0807,582849.9091909033,3312070.371034871,557.1155395507812
V0808,627129.9091909033,3312040.371034871,584.0914916992188
V0809,629619.9091909033,3312040.371034871,260.169677734375
V0810,557679.9091909033,3311980.371034871,524.9096069335938
V0811,572499.9091909033,3310600.371034871,363.4996337890625
V0812,599979.9091909033,3310600.371034871,383.0899658203125
V0813,604989.9091909033,3310600.371034871,450.7273864746094
V0814,557379.9091909033,3310570.371034871,666.4055786132812
V0815,582609.9091909033,3310570.371034871,535.3973999023438
V0816,632409.9091909033,3310570.371034871,214.32928466796875
V0817,650049.9091909033,3310570.371034871,328.57708740234375
V0818,579849.9091909033,3310540.371034871,535.5463256835938
V0819,635109.9091909033,3310540.371034871,159.30174255371094
V0820,577749.9091909033,3310510.371034871,530.3824462890625
V0821,637239.9091909033,3310510.371034871,163.1009979248047
V0822,550359.9091909033,3310480.371034871,296.9259948730469
V0823,589719.9091909033,3310480.371034871,229.2135467529297
V0824,559869.9091909033,3310420.371034871,471.0668640136719
V0825,602859.9091909033,3310420.371034871,395.4460754394531
V0826,647799.9091909033,3310390.371034871,485.510986328125
V0827,547119.9091909033,3310360.371034871,319.0159606933594
V0828,587019.9091909033,3310360.371034871,241.0457763671875
V0829,595059.9091909033,3310300.371034871,467.0415954589844
V0830,657699.9091909033,3310270.371034871,303.9969177246094
V0831,660009.9091909033,3310270.371034871,330.722900390625
V0832,541959.9091909033,3310240.371034871,447.35833740234375
V0833,565359.9091909033,3310210.371034871,363.66680908203125
V0834,567159.9091909033,3310210.371034871,376.1341247558594
V0835,664779.9091909033,3310210.371034871,602.499755859375
V0836,562149.9091909033,3310180.371034871,410.4416809082031
V0837,640119.9091909033,3310060.371034871,158.65293884277344
V0838,611919.9091909033,3310030.371034871,712.70068359375
V0839,555309.9091909033,3310000.371034871,423.3787536621094
V0840,593079.9091909033,3310000.371034871,220.24673461914062
V0841,584439.9091909033,3309940.371034871,260.8374938964844
V0842,672999.9091909033,3309940.371034871,976.325439453125
V0843,622179.9091909033,3309910.371034871,406.0009460449219
V0844,545259.9091909033,3309880.371034871,489.87518310546875
V0845,569769.9091909033,3309820.371034871,292.78033447265625
V0846,607599.9091909033,3309790.371034871,552.3580932617188
V0847,617319.9091909033,3309790.371034871,736.9307861328125
V0848,642969.9091909033,3309790.371034871,170.84332275390625
V0849,670539.9091909033,3309760.371034871,732.2396850585938
V0850,619689.9091909033,3309730.371034871,355.1360778808594
V0851,597579.9091909033,3309700.371034871,424.9507141113281
V0852,627429.9091909033,3309670.371034871,368.4964904785156
V0853,629679.9091909033,3309670.371034871,335.4911193847656
V0854,625419.9091909033,3309580.371034871,581.2926025390625
V0855,662469.9091909033,3309580.371034871,488.66748046875
V0856,654969.9091909033,3309550.371034871,413.3681335449219
V0857,667839.9091909033,3309520.371034871,655.3833618164062
V0858,615279.9091909033,3309490.371034871,663.7271118164062
V0859,645279.9091909033,3309490.371034871,406.88958740234375
V0860,552369.9091909033,3309430.371034871,398.4700927734375
V0861,574809.9091909033,3309430.371034871,261.0150146484375
V0862,610089.9091909033,3309430.371034871,629.3994140625
V0863,652659.9091909033,3309430.371034871,237.90248107910156
V0864,675159.9091909033,3309430.371034871,946.50634765625
V0865,652479.9091909033,3308110.371034871,272.40625
V0866,667479.9091909033,3308110.371034871,546.9811401367188
V0867,624879.9091909033,3308080.371034871,456.8658142089844
V0868,662379.9091909033,3308080.371034871,572.2742919921875
V0869,555219.9091909033,3308050.371034871,697.5332641601562
V0870,550299.9091909033,3308020.371034871,329.7911682128906
V0871,560259.9091909033,3308020.371034871,333.47003173828125
V0872,592749.9091909033,3308020.371034871,312.3290100097656
V0873,614679.9091909033,3308020.371034871,723.8631591796875
V0874,637569.9091909033,3308020.371034871,143.4427947998047
V0875,542859.9091909033,3307990.371034871,400.35888671875
V0876,552519.9091909033,3307990.371034871,446.5069274902344
V0877,557859.9091909033,3307990.371034871,567.5038452148438
V0878,610359.9091909033,3307990.371034871,527.517822265625
V0879,582159.9091909033,3307930.371034871,497.46954345703125
V0880,602169.9091909033,3307930.371034871,445.6358947753906
V0881,645249.9091909033,3307930.371034871,413.01873779296875
V0882,562029.9091909033,3307900.371034871,338.1632385253906
V0883,639669.9091909033,3307900.371034871,129.7783660888672
V0884,597009.9091909033,3307870.371034871,407.7646789550781
V0885,617259.9091909033,3307840.371034871,479.90350341796875
V0886,627009.9091909033,3307810.371034871,297.6647033691406
V0887,647199.9091909033,3307810.371034871,248.97796630859375
V0888,630429.9091909033,3307780.371034871,158.7979736328125
V0889,564609.9091909033,3307750.371034871,295.25152587890625
V0890,670569.9091909033,3307690.371034871,787.1928100585938
V0891,580569.9091909033,3307630.371034871,228.66859436035156
V0892,594849.9091909033,3307570.371034871,421.2597351074219
V0893,606879.9091909033,3307510.371034871,601.64599609375
V0894,619899.9091909033,3307510.371034871,510.04925537109375
V0895,643089.9091909033,3307510.371034871,317.42340087890625
V0896,589809.9091909033,3307480.371034871,430.6263122558594
V0897,632709.9091909033,3307420.371034871,161.4345703125
V0898,650559.9091909033,3307420.371034871,367.12640380859375
V0899,654549.9091909033,3307420.371034871,295.17144775390625
V0900,599409.9091909033,3307360.371034871,233.8830108642578
V0901,622959.9091909033,3307330.371034871,356.953125
V0902,577059.9091909033,3307240.371034871,215.03759765625
V0903,605499.9091909033,3307240.371034871,588.5526123046875
V0904,657969.9091909033,3307150.371034871,309.21746826171875
V0905,587949.9091909033,3307120.371034871,425.3110046386719
V0906,612939.9091909033,3307120.371034871,551.9573974609375
V0907,570399.9091909033,3307090.371034871,276.47015380859375
V0908,634689.9091909033,3307030.371034871,130.89971923828125
V0909,675339.9091909033,3307030.371034871,840.157470703125
V0910,544689.9091909033,3307000.371034871,306.72174072265625
V0911,574989.9091909033,3307000.371034871,305.3276062011719
V0912,664749.9091909033,3307000.371034871,418.1515808105469
V0913,672189.9091909033,3307000.371034871,689.9134521484375
V0914,547659.9091909033,3306940.371034871,239.44378662109375
V0915,567309.9091909033,3306940.371034871,278.3223571777344
V0916,585099.9091909033,3306940.371034871,260.6873779296875
V0917,659949.9091909033,3306940.371034871,516.9830322265625
V0918,572499.9091909033,3306910.371034871,301.76556396484375
V0919,607569.9091909033,3305590.371034871,673.04150390625
V0920,642519.9091909033,3305590.371034871,340.4470520019531
V0921,675039.9091909033,3305590.371034871,752.4844970703125
V0922,587739.9091909033,3305560.371034871,703.2903442382812
V0923,562779.9091909033,3305530.371034871,308.2880859375
V0924,564879.9091909033,3305530.371034871,263.470703125
V0925,632409.9091909033,3305530.371034871,154.06407165527344
V0926,634899.9091909033,3305530.371034871,147.2959747314453
V0927,560229.9091909033,3305500.371034871,423.4054870605469
V0928,585309.9091909033,3305500.371034871,574.1766967773438
V0929,617829.9091909033,3305500.371034871,713.4627075195312
V0930,625179.9091909033,3305500.371034871,205.06431579589844
V0931,597099.9091909033,3305470.371034871,575.9860229492188
V0932,622869.9091909033,3305470.371034871,310.7670593261719
V0933,554799.9091909033,3305440.371034871,483.78955078125
V0934,660429.9091909033,3305410.371034871,612.8060913085938
V0935,627009.9091909033,3305380.371034871,181.2821502685547
V0936,574629.9091909033,3305350.371034871,333.7017822265625
V0937,589719.9091909033,3305350.371034871,630.5182495117188
V0938,644799.9091909033,3305350.371034871,244.2239227294922
V0939,662019.9091909033,3305350.371034871,338.43414306640625
V0940,541989.9091909033,3305320.371034871,479.4425354003906
V0941,572199.9091909033,3305320.371034871,255.49534606933594
V0942,582999.9091909033,3305320.371034871,508.29193115234375
V0943,651969.9091909033,3305320.371034871,389.6055908203125
V0944,654489.9091909033,3305290.371034871,311.8045959472656
V0945,619419.9091909033,3305200.371034871,486.005126953125
V0946,549429.9091909033,3305170.371034871,619.5714721679688
V0947,568029.9091909033,3305170.371034871,280.58807373046875
V0948,639999.9091909033,3305170.371034871,272.1375732421875
V0949,578049.9091909033,3305110.371034871,255.91795349121094
V0950,591909.9091909033,3305110.371034871,408.64520263671875
V0951,656919.9091909033,3305110.371034871,388.7015075683594
V0952,614409.9091909033,3304900.371034871,766.2053833007812
V0953,570099.9091909033,3304870.371034871,219.8128204345703
V0954,668049.9091909033,3304870.371034871,750.7039184570312
V0955,630519.9091909033,3304840.371034871,158.4208221435547
V0956,650559.9091909033,3304840.371034871,390.10406494140625
V0957,600489.9091909033,3304780.371034871,534.5549926757812
V0958,648009.9091909033,3304750.371034871,422.25494384765625
V0959,612969.9091909033,3304660.371034871,664.2295532226562
V0960,557049.9091909033,3304630.371034871,328.0005187988281
V0961,609549.9091909033,3304630.371034871,592.671875
V0962,544599.9091909033,3304570.371034871,399.4048767089844
V0963,579879.9091909033,3304540.371034871,344.7655944824219
V0964,602799.9091909033,3304510.371034871,641.3623657226562
V0965,672789.9091909033,3304510.371034871,732.0457763671875
V0966,547599.9091909033,3304480.371034871,463.5183410644531
V0967,594879.9091909033,3304480.371034871,533.4944458007812
V0968,637389.9091909033,3304450.371034871,153.0907745361328
V0969,665139.9091909033,3304450.371034871,415.9578552246094
V0970,670119.9091909033,3304450.371034871,595.955078125
V0971,552489.9091909033,3304420.371034871,543.8660888671875
V0972,604989.9091909033,3304420.371034871,744.3854370117188
V0973,552489.9091909033,3303100.371034871,551.4869384765625
V0974,575109.9091909033,3303070.371034871,228.9834442138672
V0975,585039.9091909033,3303070.371034871,314.0126037597656
V0976,590079.9091909033,3303070.371034871,324.24420166015625
V0977,610059.9091909033,3303070.371034871,677.6468505859375
V0978,629799.9091909033,3303070.371034871,138.65078735351562
V0979,549759.9091909033,3303040.371034871,416.3955078125
V0980,555219.9091909033,3303040.371034871,372.62030029296875
V0981,557469.9091909033,3303040.371034871,244.17420959472656
V0982,587319.9091909033,3303040.371034871,323.4678649902344
V0983,570159.9091909033,3303010.371034871,207.66998291015625
V0984,602769.9091909033,3303010.371034871,518.9635620117188
V0985,625329.9091909033,3302950.371034871,172.01173400878906
V0986,650169.9091909033,3302950.371034871,433.4697570800781
V0987,599559.9091909033,3302920.371034871,541.2713623046875
V0988,612909.9091909033,3302920.371034871,638.149169921875
V0989,667599.9091909033,3302920.371034871,905.3805541992188
V0990,672069.9091909033,3302920.371034871,547.9286499023438
V0991,592899.9091909033,3302890.371034871,390.0397033691406
V0992,594579.9091909033,3302860.371034871,519.8304443359375
V0993,619509.9091909033,3302860.371034871,231.41775512695312
V0994,627549.9091909033,3302860.371034871,156.70162963867188
V0995,674619.9091909033,3302860.371034871,611.0748901367188
V0996,614739.9091909033,3302830.371034871,451.74615478515625
V0997,617889.9091909033,3302830.371034871,436.978515625
V0998,582969.9091909033,3302800.371034871,255.7708740234375
V0999,564489.9091909033,3302770.371034871,239.8558807373047
V1000,665109.9091909033,3302770.371034871,755.541259765625
V1001,548019.9091909033,3302740.371034871,233.72723388671875
V1002,567459.9091909033,3302740.371034871,218.56512451171875
V1003,597159.9091909033,3302740.371034871,432.2606201171875
V1004,621909.9091909033,3302680.371034871,173.7706756591797
V1005,545439.9091909033,3302650.371034871,315.1516418457031
V1006,580509.9091909033,3302650.371034871,256.1446228027344
V1007,577119.9091909033,3302590.371034871,222.43128967285156
V1008,561939.9091909033,3302560.371034871,402.5840759277344
V1009,606909.9091909033,3302560.371034871,714.3562622070312
V1010,572769.9091909033,3302500.371034871,193.81040954589844
V1011,605049.9091909033,3302500.371034871,569.4070434570312
V1012,651969.9091909033,3302500.371034871,419.5938720703125
V1013,669399.9091909033,3302500.371034871,696.3875732421875
V1014,639459.9091909033,3302350.371034871,329.71368408203125
V1015,648039.9091909033,3302260.371034871,256.7650146484375
V1016,645009.9091909033,3302140.371034871,274.9829406738281
V1017,637929.9091909033,3302110.371034871,314.34356689453125
V1018,659529.9091909033,3302110.371034871,345.83984375
V1019,657069.9091909033,3302080.371034871,401.9604797363281
V1020,642879.9091909033,3302050.371034871,237.7175750732422
V1021,654939.9091909033,3302050.371034871,411.1529846191406
V1022,542139.9091909033,3302020.371034871,474.0549621582031
V1023,559779.9091909033,3301960.371034871,364.18170166015625
V1024,632739.9091909033,3301960.371034871,168.62583923339844
V1025,634869.9091909033,3301930.371034871,260.4035949707031
V1026,662409.9091909033,3301930.371034871,619.9942016601562
V1027,652479.9091909033,3300610.371034871,253.5747833251953
V1028,547599.9091909033,3300580.371034871,194.60035705566406
V1029,575169.9091909033,3300580.371034871,278.3199768066406
V1030,637389.9091909033,3300580.371034871,237.60760498046875
V1031,600099.9091909033,3300550.371034871,260.4786376953125
V1032,669759.9091909033,3300550.371034871,621.2918701171875
V1033,602649.9091909033,3300520.371034871,303.592529296875
V1034,610209.9091909033,3300520.371034871,379.79010009765625
V1035,604929.9091909033,3300460.371034871,466.49176025390625
V1036,617379.9091909033,3300460.371034871,194.63665771484375
V1037,647889.9091909033,3300460.371034871,320.51422119140625
V1038,662649.9091909033,3300430.371034871,535.6638793945312
V1039,674529.9091909033,3300400.371034871,374.5229797363281
V1040,614499.9091909033,3300370.371034871,302.5592041015625
V1041,620439.9091909033,3300370.371034871,178.16749572753906
V1042,612969.9091909033,3300340.371034871,379.6419677734375
V1043,632709.9091909033,3300340.371034871,264.6083984375
V1044,592419.9091909033,3300310.371034871,314.2674560546875
V1045,544449.9091909033,3300250.371034871,302.41693115234375
V1046,565179.9091909033,3300250.371034871,313.52752685546875
V1047,542349.9091909033,3300220.371034871,331.5398254394531
V1048,634569.9091909033,3300190.371034871,218.1976776123047
V1049,665139.9091909033,3300190.371034871,754.4334106445312
V1050,557739.9091909033,3300160.371034871,358.7696838378906
V1051,577389.9091909033,3300130.371034871,340.0284118652344
V1052,672519.9091909033,3300100.371034871,456.5090026855469
V1053,607269.9091909033,3300040.371034871,447.4033203125
V1054,551979.9091909033,3299920.371034871,366.1088562011719
V1055,587079.9091909033,3299920.371034871,468.1321716308594
V1056,622629.9091909033,3299890.371034871,172.8454132080078
V1057,568059.9091909033,3299830.371034871,258.2199401855469
V1058,595209.9091909033,3299830.371034871,418.8685607910156
V1059,624759.9091909033,3299830.371034871,170.07293701171875
V1060,660309.9091909033,3299830.371034871,353.39678955078125
V1061,582759.9091909033,3299800.371034871,380.49383544921875
V1062,642699.9091909033,3299800.371034871,392.61614990234375
V1063,589449.9091909033,3299770.371034871,378.2939147949219
V1064,580209.9091909033,3299740.371034871,401.1665954589844
V1065,650349.9091909033,3299710.371034871,215.24365234375
V1066,572019.9091909033,3299650.371034871,365.341796875
V1067,550449.9091909033,3299620.371034871,321.7158508300781
V1068,597909.9091909033,3299590.371034871,457.06854248046875
V1069,569589.9091909033,3299560.371034871,469.2367858886719
V1070,640359.9091909033,3299530.371034871,237.4810333251953
V1071,655359.9091909033,3299530.371034871,555.748779296875
V1072,585249.9091909033,3299500.371034871,447.997802734375
V1073,644679.9091909033,3299500.371034871,412.42919921875
V1074,657789.9091909033,3299500.371034871,616.847900390625
V1075,555189.9091909033,3299470.371034871,290.2676696777344
V1076,560229.9091909033,3299470.371034871,345.83392333984375
V1077,667509.9091909033,3299470.371034871,720.6477661132812
V1078,629889.9091909033,3299440.371034871,171.39157104492188
V1079,562479.9091909033,3299410.371034871,323.01287841796875
V1080,627489.9091909033,3299410.371034871,164.7432861328125
V1081,607419.9091909033,3298090.371034871,307.7076110839844
V1082,630039.9091909033,3298090.371034871,156.1796112060547
V1083,639819.9091909033,3298090.371034871,283.6852722167969
V1084,595209.9091909033,3298030.371034871,410.5323181152344
V1085,634899.9091909033,3298030.371034871,226.48880004882812
V1086,562599.9091909033,3298000.371034871,310.9173889160156
V1087,657129.9091909033,3298000.371034871,399.15399169921875
V1088,582309.9091909033,3297970.371034871,507.8597412109375
V1089,567399.9091909033,3297940.371034871,269.2322082519531
V1090,627249.9091909033,3297940.371034871,191.5242462158203
V1091,602049.9091909033,3297910.371034871,346.889892578125
V1092,615129.9091909033,3297910.371034871,201.4986114501953
V1093,644529.9091909033,3297910.371034871,326.59320068359375
V1094,599499.9091909033,3297850.371034871,579.9359741210938
V1095,587619.9091909033,3297820.371034871,354.4602355957031
V1096,551949.9091909033,3297760.371034871,410.5098876953125
V1097,559689.9091909033,3297700.371034871,407.252685546875
V1098,611919.9091909033,3297700.371034871,192.50338745117188
V1099,619689.9091909033,3297670.371034871,170.07188415527344
V1100,622929.9091909033,3297670.371034871,176.30557250976562
V1101,643029.9091909033,3297670.371034871,326.25006103515625
V1102,557919.9091909033,3297640.371034871,393.539794921875
V1103,597549.9091909033,3297640.371034871,516.0851440429688
V1104,617139.9091909033,3297640.371034871,167.20669555664062
V1105,663069.9091909033,3297640.371034871,508.37994384765625
V1106,574389.9091909033,3297520.371034871,538.2509155273438
V1107,649389.9091909033,3297520.371034871,405.5955505371094
V1108,674379.9091909033,3297520.371034871,321.6791076660156
V1109,542199.9091909033,3297460.371034871,336.9124755859375
V1110,580419.9091909033,3297460.371034871,524.5399780273438
V1111,548049.9091909033,3297430.371034871,477.2713317871094
V1112,565509.9091909033,3297430.371034871,190.1800994873047
V1113,569859.9091909033,3297430.371034871,345.7669372558594
V1114,604419.9091909033,3297430.371034871,225.64207458496094
V1115,670569.9091909033,3297430.371034871,318.91864013671875
V1116,654549.9091909033,3297400.371034871,675.2664794921875
V1117,584559.9091909033,3297370.371034871,405.4201965332031
V1118,545499.9091909033,3297250.371034871,266.24462890625
V1119,637119.9091909033,3297190.371034871,203.7232208251953
V1120,610479.9091909033,3297160.371034871,347.73260498046875
V1121,625389.9091909033,3297160.371034871,197.19606018066406
V1122,592179.9091909033,3297130.371034871,293.2931823730469
V1123,672609.9091909033,3297070.371034871,391.5009765625
V1124,577119.9091909033,3297040.371034871,530.7591552734375
V1125,590169.9091909033,3297040.371034871,377.66912841796875
V1126,665349.9091909033,3297040.371034871,427.6563720703125
V1127,554679.9091909033,3297010.371034871,321.6827697753906
V1128,632709.9091909033,3297010.371034871,224.26669311523438
V1129,572709.9091909033,3296980.371034871,419.84002685546875
V1130,652719.9091909033,3296980.371034871,404.92205810546875
V1131,647679.9091909033,3296950.371034871,240.23187255859375
V1132,659919.9091909033,3296950.371034871,580.3854370117188
V1133,667359.9091909033,3296950.371034871,1045.305419921875
V1134,549999.9091909033,3296920.371034871,542.1858520507812
V1135,667479.9091909033,3295600.371034871,599.5485229492188
V1136,557319.9091909033,3295570.371034871,205.4888458251953
V1137,574869.9091909033,3295570.371034871,523.0166015625
V1138,649899.9091909033,3295570.371034871,538.5260009765625
V1139,562689.9091909033,3295540.371034871,284.41021728515625
V1140,572709.9091909033,3295540.371034871,562.703125
V1141,652599.9091909033,3295540.371034871,402.73529052734375
V1142,552219.9091909033,3295510.371034871,178.11019897460938
V1143,587709.9091909033,3295510.371034871,315.9971618652344
V1144,597519.9091909033,3295510.371034871,266.9613342285156
V1145,547839.9091909033,3295450.371034871,356.07843017578125
V1146,567249.9091909033,3295420.371034871,418.8475646972656
V1147,605229.9091909033,3295390.371034871,238.64646911621094
V1148,632529.9091909033,3295390.371034871,202.3206787109375
V1149,550119.9091909033,3295360.371034871,373.3490295410156
V1150,607119.9091909033,3295360.371034871,193.86337280273438
V1151,614529.9091909033,3295360.371034871,172.8515625
V1152,665469.9091909033,3295360.371034871,427.1520690917969
V1153,635469.9091909033,3295330.371034871,209.9656982421875
V1154,617859.9091909033,3295300.371034871,184.5543975830078
V1155,542079.9091909033,3295240.371034871,308.730712890625
V1156,584469.9091909033,3295240.371034871,303.7386169433594
V1157,570519.9091909033,3295210.371034871,483.8700256347656
V1158,581949.9091909033,3295180.371034871,368.01422119140625
V1159,625569.9091909033,3295180.371034871,288.056396484375
V1160,655569.9091909033,3295150.371034871,497.7796936035156
V1161,669429.9091909033,3295120.371034871,289.902587890625
V1162,622659.9091909033,3295090.371034871,238.42465209960938
V1163,662679.9091909033,3295060.371034871,532.0299682617188
V1164,565359.9091909033,3295000.371034871,237.55267333984375
V1165,591969.9091909033,3294940.371034871,369.412841796875
V1166,545109.9091909033,3294910.371034871,269.61474609375
V1167,559959.9091909033,3294850.371034871,334.1978759765625
V1168,554889.9091909033,3294790.371034871,220.56114196777344
V1169,599739.9091909033,3294760.371034871,293.0320129394531
V1170,610059.9091909033,3294760.371034871,213.64854431152344
V1171,637989.9091909033,3294730.371034871,264.6632995605469
V1172,640509.9091909033,3294700.371034871,239.53598022460938
V1173,619749.9091909033,3294670.371034871,166.9959716796875
V1174,647979.9091909033,3294640.371034871,451.5881652832031
V1175,594639.9091909033,3294610.371034871,287.12493896484375
V1176,672939.9091909033,3294610.371034871,407.72003173828125
V1177,580329.9091909033,3294580.371034871,416.88275146484375
V1178,589599.9091909033,3294580.371034871,398.5873107910156
V1179,612639.9091909033,3294580.371034871,179.65499877929688
V1180,660039.9091909033,3294580.371034871,435.0384826660156
V1181,644619.9091909033,3294550.371034871,440.98974609375
V1182,602379.9091909033,3294520.371034871,205.209716796875
V1183,630009.9091909033,3294520.371034871,256.49267578125
V1184,577239.9091909033,3294460.371034871,420.5291442871094
V1185,657729.9091909033,3294460.371034871,705.3276977539062
V1186,627519.9091909033,3294430.371034871,310.1458435058594
V1187,642429.9091909033,3294430.371034871,317.097412109375
V1188,675159.9091909033,3294430.371034871,337.48455810546875
V1189,577509.9091909033,3293080.371034871,617.8558959960938
V1190,555219.9091909033,3293050.371034871,253.6981964111328
V1191,615219.9091909033,3293050.371034871,191.72145080566406
V1192,659769.9091909033,3293050.371034871,742.2501831054688
V1193,550089.9091909033,3293020.371034871,284.6707763671875
V1194,627249.9091909033,3293020.371034871,368.3553161621094
V1195,672819.9091909033,3292990.371034871,236.08792114257812
V1196,637179.9091909033,3292930.371034871,185.54225158691406
V1197,584619.9091909033,3292900.371034871,272.014404296875
V1198,617139.9091909033,3292840.371034871,170.68829345703125
V1199,544599.9091909033,3292810.371034871,263.2586364746094
V1200,629739.9091909033,3292810.371034871,264.78662109375
V1201,657369.9091909033,3292780.371034871,987.4430541992188
V1202,674739.9091909033,3292750.371034871,396.40020751953125
V1203,546939.9091909033,3292720.371034871,350.54461669921875
V1204,574809.9091909033,3292690.371034871,695.6077270507812
V1205,590229.9091909033,3292690.371034871,419.75311279296875
V1206,664779.9091909033,3292660.371034871,758.4493408203125
V1207,669429.9091909033,3292630.371034871,270.8725891113281
V1208,579429.9091909033,3292600.371034871,425.159912109375
V1209,599529.9091909033,3292570.371034871,274.6940612792969
V1210,651879.9091909033,3292510.371034871,945.5958862304688
V1211,619419.9091909033,3292480.371034871,140.07208251953125
V1212,597069.9091909033,3292450.371034871,332.12969970703125
V1213,622989.9091909033,3292420.371034871,185.7953338623047
V1214,612399.9091909033,3292360.371034871,188.1194305419922
V1215,634899.9091909033,3292360.371034871,135.89747619628906
V1216,582549.9091909033,3292300.371034871,296.40533447265625
V1217,655539.9091909033,3292270.371034871,896.5640869140625
V1218,595509.9091909033,3292210.371034871,451.7991027832031
V1219,562209.9091909033,3292180.371034871,216.24017333984375
V1220,642249.9091909033,3292180.371034871,384.5080871582031
V1221,662769.9091909033,3292180.371034871,687.8383178710938
V1222,559569.9091909033,3292150.371034871,262.3529968261719
V1223,572949.9091909033,3292150.371034871,401.3413391113281
V1224,592599.9091909033,3292150.371034871,442.11492919921875
V1225,604839.9091909033,3292150.371034871,224.03028869628906
V1226,667929.9091909033,3292120.371034871,508.0709228515625
V1227,567909.9091909033,3292090.371034871,313.85736083984375
V1228,609909.9091909033,3292090.371034871,192.31556701660156
V1229,632739.9091909033,3292090.371034871,177.24185180664062
V1230,647529.9091909033,3292090.371034871,537.8248901367188
V1231,542829.9091909033,3292060.371034871,445.81982421875
V1232,552099.9091909033,3292060.371034871,185.03321838378906
V1233,557889.9091909033,3292060.371034871,188.16091918945312
V1234,564669.9091909033,3292060.371034871,252.4947052001953
V1235,602109.9091909033,3292060.371034871,233.99195861816406
V1236,645339.9091909033,3292060.371034871,418.4405517578125
V1237,570309.9091909033,3292030.371034871,320.095947265625
V1238,607359.9091909033,3292030.371034871,214.46791076660156
V1239,625329.9091909033,3292030.371034871,190.77972412109375
V1240,587469.9091909033,3291940.371034871,324.6238708496094
V1241,639969.9091909033,3291940.371034871,308.7307434082031
V1242,649809.9091909033,3291940.371034871,683.027587890625
V1243,657309.9091909033,3290590.371034871,658.2181396484375
V1244,587529.9091909033,3290560.371034871,350.2515563964844
V1245,597729.9091909033,3290560.371034871,365.9018249511719
V1246,612219.9091909033,3290530.371034871,265.09722900390625
V1247,640299.9091909033,3290530.371034871,300.3116455078125
V1248,667269.9091909033,3290500.371034871,470.3572692871094
V1249,625389.9091909033,3290440.371034871,193.39797973632812
V1250,542019.9091909033,3290380.371034871,243.47215270996094
V1251,617019.9091909033,3290380.371034871,201.42843627929688
V1252,622209.9091909033,3290380.371034871,136.37152099609375
V1253,629529.9091909033,3290350.371034871,204.38690185546875
V1254,592839.9091909033,3290290.371034871,298.1240539550781
V1255,672729.9091909033,3290290.371034871,235.99066162109375
V1256,660429.9091909033,3290260.371034871,662.8592529296875
V1257,599529.9091909033,3290200.371034871,360.9476318359375
V1258,576909.9091909033,3290170.371034871,516.12109375
V1259,637149.9091909033,3290140.371034871,221.4129638671875
V1260,627099.9091909033,3290050.371034871,257.747314453125
V1261,560529.9091909033,3289960.371034871,201.17337036132812
V1262,595419.9091909033,3289960.371034871,415.4508361816406
V1263,654489.9091909033,3289960.371034871,832.3253784179688
V1264,610479.9091909033,3289900.371034871,346.7533874511719
V1265,642999.9091909033,3289900.371034871,354.437744140625
V1266,602979.9091909033,3289870.371034871,289.8880615234375
V1267,635559.9091909033,3289870.371034871,177.45631408691406
V1268,663069.9091909033,3289840.371034871,497.5057373046875
V1269,549729.9091909033,3289810.371034871,354.85614013671875
V1270,579489.9091909033,3289810.371034871,300.0663146972656
V1271,556989.9091909033,3289780.371034871,304.4785461425781
V1272,670479.9091909033,3289750.371034871,343.596923828125
V1273,573009.9091909033,3289720.371034871,794.898193359375
V1274,574479.9091909033,3289720.371034871,844.302734375
V1275,652419.9091909033,3289690.371034871,890.7499389648438
V1276,544509.9091909033,3289660.371034871,239.97592163085938
V1277,619539.9091909033,3289660.371034871,170.3165283203125
V1278,547899.9091909033,3289600.371034871,290.1989440917969
V1279,647919.9091909033,3289600.371034871,656.1503295898438
V1280,590319.9091909033,3289570.371034871,384.3132019042969
V1281,607629.9091909033,3289570.371034871,344.6098327636719
V1282,562839.9091909033,3289540.371034871,436.35394287109375
V1283,564639.9091909033,3289540.371034871,501.6046142578125
V1284,584769.9091909033,3289540.371034871,464.3720397949219
V1285,615339.9091909033,3289540.371034871,239.59075927734375
V1286,675219.9091909033,3289540.371034871,384.37957763671875
V1287,567789.9091909033,3289510.371034871,484.0912170410156
V1288,570069.9091909033,3289510.371034871,697.5740966796875
V1289,582189.9091909033,3289510.371034871,363.0288391113281
V1290,632199.9091909033,3289510.371034871,265.0338134765625
V1291,645279.9091909033,3289510.371034871,443.6497802734375
V1292,650259.9091909033,3289510.371034871,981.6788330078125
V1293,605019.9091909033,3289480.371034871,410.9189147949219
V1294,552669.9091909033,3289450.371034871,224.07586669921875
V1295,555129.9091909033,3289450.371034871,407.135986328125
V1296,664959.9091909033,3289450.371034871,410.1137390136719
V1297,564909.9091909033,3288070.371034871,534.9415893554688
V1298,572409.9091909033,3288070.371034871,716.5494995117188
V1299,549879.9091909033,3288040.371034871,369.7148742675781
V1300,605229.9091909033,3288010.371034871,336.8499450683594
V1301,584679.9091909033,3287980.371034871,469.5406494140625
V1302,615129.9091909033,3287980.371034871,271.18280029296875
V1303,632559.9091909033,3287950.371034871,293.849365234375
V1304,570399.9091909033,3287920.371034871,688.5081787109375
V1305,659469.9091909033,3287800.371034871,522.3475952148438
V1306,542799.9091909033,3287770.371034871,230.7634735107422
V1307,555339.9091909033,3287770.371034871,244.21473693847656
V1308,630399.9091909033,3287770.371034871,320.5660095214844
V1309,662829.9091909033,3287770.371034871,870.6146240234375
V1310,602649.9091909033,3287740.371034871,316.6734619140625
V1311,625479.9091909033,3287740.371034871,170.95025634765625
V1312,664449.9091909033,3287740.371034871,790.9137573242188
V1313,547419.9091909033,3287710.371034871,280.8384704589844
V1314,592059.9091909033,3287710.371034871,252.21275329589844
V1315,668049.9091909033,3287680.371034871,347.5257873535156
V1316,672759.9091909033,3287680.371034871,220.56857299804688
V1317,595299.9091909033,3287620.371034871,325.4173278808594
V1318,627219.9091909033,3287620.371034871,145.94091796875
V1319,567969.9091909033,3287590.371034871,601.943359375
V1320,606909.9091909033,3287530.371034871,368.1832275390625
V1321,581919.9091909033,3287500.371034871,480.0499572753906
V1322,622299.9091909033,3287500.371034871,185.70468139648438
V1323,645579.9091909033,3287500.371034871,1121.8856201171875
V1324,649389.9091909033,3287500.371034871,989.188232421875
V1325,597009.9091909033,3287410.371034871,263.2464904785156
V1326,669429.9091909033,3287410.371034871,189.4476318359375
V1327,574749.9091909033,3287350.371034871,524.5147094726562
V1328,610059.9091909033,3287350.371034871,304.2373046875
V1329,637809.9091909033,3287350.371034871,336.0465393066406
V1330,652479.9091909033,3287320.371034871,808.7490844726562
V1331,580119.9091909033,3287290.371034871,633.072509765625
V1332,675519.9091909033,3287260.371034871,654.8775634765625
V1333,600489.9091909033,3287230.371034871,282.5045166015625
V1334,577899.9091909033,3287170.371034871,502.2705383300781
V1335,617019.9091909033,3287170.371034871,182.12168884277344
V1336,545469.9091909033,3287140.371034871,245.03433227539062
V1337,634869.9091909033,3287140.371034871,365.0130310058594
V1338,589839.9091909033,3287110.371034871,402.8320617675781
V1339,587379.9091909033,3287080.371034871,447.0874328613281
V1340,552819.9091909033,3287050.371034871,359.49169921875
V1341,657819.9091909033,3287050.371034871,768.0889892578125
V1342,639699.9091909033,3287020.371034871,347.42608642578125
V1343,620229.9091909033,3286990.371034871,169.72891235351562
V1344,612669.9091909033,3286960.371034871,282.878173828125
V1345,557439.9091909033,3286930.371034871,353.62615966796875
V1346,559929.9091909033,3286930.371034871,478.6836242675781
V1347,562419.9091909033,3286930.371034871,668.1552734375
V1348,642579.9091909033,3286930.371034871,301.988525390625
V1349,654819.9091909033,3286930.371034871,610.680908203125
V1350,647499.9091909033,3286900.371034871,1148.630126953125
V1351,644979.9091909033,3285610.371034871,670.73486328125
V1352,570099.9091909033,3285580.371034871,710.8343505859375
V1353,572349.9091909033,3285580.371034871,826.8479614257812
V1354,605049.9091909033,3285580.371034871,314.5050964355469
V1355,669819.9091909033,3285580.371034871,296.28424072265625
V1356,584919.9091909033,3285550.371034871,537.43017578125
V1357,632709.9091909033,3285550.371034871,233.8483123779297
V1358,612279.9091909033,3285520.371034871,316.88824462890625
V1359,550359.9091909033,3285460.371034871,273.9677734375
V1360,582249.9091909033,3285430.371034871,596.6510620117188
V1361,614649.9091909033,3285430.371034871,204.41690063476562
V1362,675219.9091909033,3285430.371034871,455.51678466796875
V1363,562029.9091909033,3285400.371034871,634.9359130859375
V1364,589809.9091909033,3285340.371034871,356.68450927734375
V1365,651969.9091909033,3285280.371034871,675.3865356445312
V1366,650019.9091909033,3285220.371034871,830.4979248046875
V1367,601929.9091909033,3285160.371034871,285.28607177734375
V1368,625269.9091909033,3285160.371034871,168.9620819091797
V1369,543039.9091909033,3285100.371034871,254.98182678222656
V1370,659439.9091909033,3285070.371034871,626.9080200195312
V1371,558099.9091909033,3285010.371034871,564.0216064453125
V1372,594459.9091909033,3285010.371034871,251.23690795898438
V1373,622599.9091909033,3285010.371034871,163.64791870117188
V1374,630249.9091909033,3285010.371034871,230.67115783691406
V1375,654399.9091909033,3285010.371034871,793.1663208007812
V1376,565569.9091909033,3284950.371034871,436.6277160644531
V1377,647019.9091909033,3284950.371034871,1032.8997802734375
V1378,577989.9091909033,3284920.371034871,599.2916259765625
V1379,588039.9091909033,3284920.371034871,524.279052734375
V1380,596919.9091909033,3284920.371034871,256.1231689453125
V1381,672039.9091909033,3284920.371034871,260.4871520996094
V1382,547899.9091909033,3284890.371034871,350.7732849121094
V1383,656949.9091909033,3284860.371034871,699.8999633789062
V1384,619869.9091909033,3284800.371034871,181.32322692871094
V1385,662229.9091909033,3284770.371034871,999.26513671875
V1386,555489.9091909033,3284710.371034871,512.9453735351562
V1387,640509.9091909033,3284710.371034871,373.9279479980469
V1388,667569.9091909033,3284710.371034871,397.81805419921875
V1389,627909.9091909033,3284680.371034871,170.4098358154297
V1390,591999.9091909033,3284650.371034871,326.4079895019531
V1391,610269.9091909033,3284650.371034871,305.78118896484375
V1392,544899.9091909033,3284620.371034871,277.2421569824219
V1393,567939.9091909033,3284620.371034871,693.2295532226562
V1394,617409.9091909033,3284620.371034871,169.22793579101562
V1395,664539.9091909033,3284620.371034871,319.5479736328125
V1396,580359.9091909033,3284530.371034871,649.2728271484375
V1397,637149.9091909033,3284530.371034871,419.7431335449219
V1398,559719.9091909033,3284500.371034871,700.191162109375
V1399,607179.9091909033,3284500.371034871,271.3106689453125
V1400,552429.9091909033,3284440.371034871,453.21905517578125
V1401,574839.9091909033,3284440.371034871,711.72509765625
V1402,599799.9091909033,3284440.371034871,331.1439208984375
V1403,635139.9091909033,3284440.371034871,347.8581848144531
V1404,642549.9091909033,3284440.371034871,482.8604431152344
V1405,577479.9091909033,3283120.371034871,508.70098876953125
V1406,617499.9091909033,3283120.371034871,157.41189575195312
V1407,557529.9091909033,3283090.371034871,435.14556884765625
V1408,590139.9091909033,3283090.371034871,471.4261779785156
V1409,607449.9091909033,3283090.371034871,285.4757080078125
V1410,647319.9091909033,3283090.371034871,619.2081298828125
V1411,567189.9091909033,3283030.371034871,734.2086181640625
V1412,580119.9091909033,3283030.371034871,751.3668823242188
V1413,662199.9091909033,3283030.371034871,510.2452087402344
V1414,552189.9091909033,3283000.371034871,352.6875
V1415,555369.9091909033,3282970.371034871,286.7137756347656
V1416,667119.9091909033,3282970.371034871,478.4089050292969
V1417,630369.9091909033,3282940.371034871,211.69387817382812
V1418,545319.9091909033,3282910.371034871,403.98858642578125
V1419,635439.9091909033,3282910.371034871,350.7370300292969
V1420,581949.9091909033,3282760.371034871,476.990966796875
V1421,597939.9091909033,3282730.371034871,479.57855224609375
V1422,541929.9091909033,3282700.371034871,280.056884765625
V1423,660549.9091909033,3282700.371034871,915.4353637695312
V1424,594519.9091909033,3282610.371034871,513.7225341796875
V1425,656919.9091909033,3282610.371034871,981.5526123046875
V1426,651909.9091909033,3282580.371034871,738.4728393554688
V1427,569409.9091909033,3282550.371034871,538.9200439453125
V1428,611919.9091909033,3282520.371034871,233.5907440185547
V1429,621879.9091909033,3282520.371034871,199.07225036621094
V1430,649389.9091909033,3282520.371034871,622.3109741210938
V1431,640569.9091909033,3282460.371034871,633.8053588867188
V1432,627729.9091909033,3282430.371034871,205.4388885498047
V1433,572799.9091909033,3282400.371034871,496.1629943847656
V1434,619509.9091909033,3282400.371034871,140.12428283691406
V1435,586929.9091909033,3282370.371034871,428.9266052246094
V1436,665529.9091909033,3282370.371034871,498.97381591796875
V1437,585519.9091909033,3282310.371034871,477.3843688964844
V1438,599469.9091909033,3282250.371034871,480.74407958984375
V1439,655509.9091909033,3282220.371034871,964.8817138671875
V1440,624669.9091909033,3282190.371034871,198.77212524414062
V1441,644559.9091909033,3282190.371034871,906.5147094726562
V1442,564519.9091909033,3282160.371034871,704.4017333984375
V1443,614619.9091909033,3282160.371034871,187.1892852783203
V1444,642129.9091909033,3282160.371034871,1100.0228271484375
V1445,549549.9091909033,3282130.371034871,332.72998046875
V1446,560379.9091909033,3282070.371034871,378.84930419921875
V1447,575229.9091909033,3282070.371034871,638.5496826171875
V1448,605379.9091909033,3282070.371034871,263.1017761230469
V1449,632769.9091909033,3282070.371034871,245.4295654296875
V1450,637869.9091909033,3282070.371034871,566.1412353515625
V1451,562809.9091909033,3282040.371034871,505.00994873046875
V1452,592179.9091909033,3282010.371034871,691.3054809570312
V1453,547239.9091909033,3281980.371034871,248.73898315429688
V1454,602259.9091909033,3281980.371034871,259.29510498046875
V1455,609819.9091909033,3281950.371034871,304.8239440917969
V1456,669909.9091909033,3281950.371034871,414.95733642578125
V1457,672309.9091909033,3281950.371034871,619.0780029296875
V1458,675159.9091909033,3281950.371034871,633.2730102539062
V1459,572499.9091909033,3280600.371034871,685.4718017578125
V1460,665109.9091909033,3280570.371034871,650.9506225585938
V1461,599769.9091909033,3280540.371034871,518.7384643554688
V1462,672249.9091909033,3280540.371034871,744.932861328125
V1463,559689.9091909033,3280510.371034871,467.4299011230469
V1464,609699.9091909033,3280510.371034871,256.4067687988281
V1465,564639.9091909033,3280480.371034871,627.6532592773438
V1466,622359.9091909033,3280480.371034871,193.79266357421875
V1467,632859.9091909033,3280450.371034871,387.6400451660156
V1468,654549.9091909033,3280390.371034871,1021.0039672851562
V1469,546999.9091909033,3280360.371034871,383.5430908203125
V1470,594519.9091909033,3280360.371034871,509.5058288574219
V1471,576939.9091909033,3280240.371034871,502.4471740722656
V1472,659529.9091909033,3280240.371034871,665.1666259765625
V1473,580179.9091909033,3280210.371034871,673.9893798828125
V1474,663009.9091909033,3280210.371034871,836.273681640625
V1475,611919.9091909033,3280180.371034871,302.22540283203125
V1476,674409.9091909033,3280180.371034871,452.7320556640625
V1477,645429.9091909033,3280150.371034871,813.34765625
V1478,555549.9091909033,3280120.371034871,497.0345153808594
V1479,668019.9091909033,3280120.371034871,465.0931396484375
V1480,563019.9091909033,3280090.371034871,698.0862426757812
V1481,585069.9091909033,3280090.371034871,558.7512817382812
V1482,635319.9091909033,3280090.371034871,564.4503784179688
V1483,652209.9091909033,3280090.371034871,1143.338134765625
V1484,627609.9091909033,3280060.371034871,217.4250946044922
V1485,582639.9091909033,3280000.371034871,537.9614868164062
V1486,541929.9091909033,3279970.371034871,291.220703125
V1487,557919.9091909033,3279970.371034871,593.3719482421875
V1488,658059.9091909033,3279970.371034871,697.2005615234375
V1489,552669.9091909033,3279940.371034871,394.60601806640625
V1490,637839.9091909033,3279910.371034871,724.6237182617188
V1491,570339.9091909033,3279880.371034871,724.7307739257812
V1492,669999.9091909033,3279880.371034871,926.3941650390625
V1493,630549.9091909033,3279820.371034871,361.36962890625
V1494,544509.9091909033,3279760.371034871,350.81683349609375
V1495,549459.9091909033,3279760.371034871,311.2010192871094
V1496,624639.9091909033,3279760.371034871,267.7889099121094
V1497,575139.9091909033,3279700.371034871,849.065185546875
V1498,614709.9091909033,3279670.371034871,183.37869262695312
V1499,639519.9091909033,3279640.371034871,811.2283935546875
V1500,647949.9091909033,3279640.371034871,802.755126953125
V1501,587949.9091909033,3279610.371034871,818.9760131835938
V1502,602949.9091909033,3279610.371034871,419.6684265136719
V1503,592899.9091909033,3279580.371034871,825.458740234375
V1504,617439.9091909033,3279580.371034871,340.3492126464844
V1505,597879.9091909033,3279550.371034871,770.8107299804688
V1506,650169.9091909033,3279520.371034871,960.8896484375
V1507,642789.9091909033,3279490.371034871,510.0830078125
V1508,604749.9091909033,3279460.371034871,391.95977783203125
V1509,607599.9091909033,3279460.371034871,340.6164245605469
V1510,590109.9091909033,3279430.371034871,900.0755004882812
V1511,620139.9091909033,3279430.371034871,200.76438903808594
V1512,567489.9091909033,3279400.371034871,700.0044555664062
V1513,669999.9091909033,3278110.371034871,475.781005859375
V1514,567609.9091909033,3278080.371034871,789.0791015625
V1515,597579.9091909033,3278080.371034871,687.31396484375
V1516,617319.9091909033,3278080.371034871,329.1851806640625
V1517,627549.9091909033,3278080.371034871,333.0129089355469
V1518,589809.9091909033,3278050.371034871,766.7177734375
V1519,625209.9091909033,3278050.371034871,216.9369354248047
V1520,652269.9091909033,3278050.371034871,974.4570922851562
V1521,545259.9091909033,3278020.371034871,481.62939453125
V1522,570279.9091909033,3278020.371034871,754.4193115234375
V1523,647139.9091909033,3277990.371034871,666.4930419921875
V1524,600339.9091909033,3277960.371034871,720.0258178710938
V1525,644469.9091909033,3277810.371034871,1074.1434326171875
V1526,580359.9091909033,3277780.371034871,573.50830078125
V1527,560529.9091909033,3277750.371034871,586.3577880859375
V1528,592689.9091909033,3277750.371034871,600.4808349609375
V1529,595419.9091909033,3277750.371034871,440.116455078125
V1530,654489.9091909033,3277750.371034871,599.658447265625
V1531,574389.9091909033,3277510.371034871,630.4996337890625
V1532,614619.9091909033,3277510.371034871,200.44749450683594
V1533,622179.9091909033,3277510.371034871,396.0567932128906
V1534,630549.9091909033,3277480.371034871,528.541748046875
V1535,562269.9091909033,3277450.371034871,962.2901000976562
V1536,657459.9091909033,3277450.371034871,775.5392456054688
V1537,553059.9091909033,3277420.371034871,356.5881042480469
V1538,643059.9091909033,3277390.371034871,894.4473876953125
V1539,666939.9091909033,3277390.371034871,353.0904541015625
V1540,620559.9091909033,3277360.371034871,284.02276611328125
V1541,610209.9091909033,3277330.371034871,220.128173828125
V1542,565509.9091909033,3277270.371034871,1019.882080078125
V1543,557829.9091909033,3277240.371034871,436.9936218261719
V1544,604479.9091909033,3277210.371034871,690.2741088867188
V1545,649599.9091909033,3277210.371034871,1270.8590087890625
V1546,582909.9091909033,3277180.371034871,845.2044677734375
V1547,606999.9091909033,3277180.371034871,397.6132507324219
V1548,612129.9091909033,3277180.371034871,381.572265625
V1549,672969.9091909033,3277180.371034871,438.6998596191406
V1550,549549.9091909033,3277150.371034871,591.3408203125
V1551,577029.9091909033,3277120.371034871,445.6300964355469
V1552,632949.9091909033,3277120.371034871,480.82452392578125
V1553,659559.9091909033,3277090.371034871,609.2691650390625
V1554,635379.9091909033,3277060.371034871,824.9696044921875
V1555,547209.9091909033,3277030.371034871,471.1418762207031
V1556,572229.9091909033,3277000.371034871,789.9624633789062
V1557,587769.9091909033,3277000.371034871,866.5862426757812
V1558,637749.9091909033,3277000.371034871,504.908447265625
V1559,584739.9091909033,3276970.371034871,831.3372192382812
V1560,662679.9091909033,3276970.371034871,506.0354919433594
V1561,665229.9091909033,3276970.371034871,432.668212890625
V1562,542529.9091909033,3276940.371034871,398.13909912109375
V1563,554799.9091909033,3276940.371034871,533.7236938476562
V1564,602409.9091909033,3276940.371034871,677.4012451171875
V1565,674919.9091909033,3276940.371034871,288.51593017578125
V1566,639999.9091909033,3276910.371034871,757.327880859375
V1567,667449.9091909033,3275590.371034871,502.07318115234375
V1568,572199.9091909033,3275530.371034871,627.8317260742188
V1569,584679.9091909033,3275530.371034871,923.5670776367188
V1570,587199.9091909033,3275530.371034871,782.037841796875
V1571,654849.9091909033,3275500.371034871,344.8372802734375
V1572,569589.9091909033,3275380.371034871,858.4374389648438
V1573,560139.9091909033,3275350.371034871,800.9056396484375
V1574,607029.9091909033,3275350.371034871,582.9966430664062
V1575,664479.9091909033,3275320.371034871,677.6701049804688
V1576,672639.9091909033,3275320.371034871,585.302734375
V1577,549489.9091909033,3275290.371034871,569.0675048828125
V1578,657579.9091909033,3275230.371034871,684.3739013671875
V1579,604419.9091909033,3275200.371034871,944.7235717773438
V1580,595029.9091909033,3275170.371034871,642.7152099609375
V1581,635559.9091909033,3275140.371034871,717.374267578125
V1582,554409.9091909033,3275110.371034871,534.9003295898438
V1583,659919.9091909033,3275110.371034871,662.2609252929688
V1584,596919.9091909033,3275080.371034871,612.363525390625
V1585,662739.9091909033,3275050.371034871,797.65869140625
V1586,544389.9091909033,3275020.371034871,503.1658020019531
V1587,580569.9091909033,3274990.371034871,747.9785766601562
V1588,602409.9091909033,3274990.371034871,1140.967041015625
V1589,566919.9091909033,3274930.371034871,701.5557250976562
V1590,589539.9091909033,3274870.371034871,594.6846923828125
V1591,626919.9091909033,3274840.371034871,356.6090393066406
V1592,630549.9091909033,3274840.371034871,457.20794677734375
V1593,583029.9091909033,3274810.371034871,929.8291015625
V1594,578019.9091909033,3274780.371034871,822.81787109375
V1595,640539.9091909033,3274780.371034871,1138.9844970703125
V1596,643029.9091909033,3274780.371034871,1200.18212890625
V1597,600459.9091909033,3274750.371034871,760.7521362304688
V1598,543009.9091909033,3274720.371034871,532.8914184570312
V1599,612369.9091909033,3274630.371034871,195.73977661132812
V1600,592059.9091909033,3274600.371034871,563.5612182617188
V1601,617229.9091909033,3274600.371034871,332.63787841796875
V1602,647619.9091909033,3274600.371034871,1099.9532470703125
V1603,675369.9091909033,3274600.371034871,675.6246948242188
V1604,552309.9091909033,3274570.371034871,610.4415283203125
V1605,610359.9091909033,3274570.371034871,391.3882141113281
V1606,562839.9091909033,3274540.371034871,834.492919921875
V1607,615339.9091909033,3274540.371034871,297.4189453125
V1608,649629.9091909033,3274540.371034871,728.32421875
V1609,645129.9091909033,3274510.371034871,1134.2965087890625
V1610,652239.9091909033,3274480.371034871,690.8306274414062
V1611,670209.9091909033,3274480.371034871,420.3885498046875
V1612,547299.9091909033,3274450.371034871,540.0294799804688
V1613,557589.9091909033,3274450.371034871,624.5701904296875
V1614,575139.9091909033,3274450.371034871,913.5912475585938
V1615,622359.9091909033,3274450.371034871,621.3814697265625
V1616,625179.9091909033,3274450.371034871,358.4974060058594
V1617,637599.9091909033,3274450.371034871,875.1089477539062
V1618,564999.9091909033,3274420.371034871,914.8305053710938
V1619,619989.9091909033,3274420.371034871,359.1209716796875
V1620,632499.9091909033,3274420.371034871,715.133544921875
