site,x,y,z
V0001,576249.9091909033,3348100.371034871,362.97369384765625
V0002,551289.9091909033,3348070.371034871,847.2908935546875
V0003,583659.9091909033,3348070.371034871,402.81658935546875
V0004,663549.9091909033,3348070.371034871,630.9500122070312
V0005,563979.9091909033,3348040.371034871,662.0394287109375
V0006,596109.9091909033,3348040.371034871,612.048095703125
V0007,585969.9091909033,3347980.371034871,432.8866882324219
V0008,641619.9091909033,3347950.371034871,853.2239379882812
V0009,558639.9091909033,3347920.371034871,575.2469482421875
V0010,673869.9091909033,3347920.371034871,473.2498474121094
V0011,553299.9091909033,3347890.371034871,523.8590087890625
V0012,579099.9091909033,3347890.371034871,508.1205749511719
V0013,628869.9091909033,3347890.371034871,370.7975158691406
V0014,630819.9091909033,3347890.371034871,428.7579345703125
V0015,546729.9091909033,3347800.371034871,846.4619140625
V0016,598239.9091909033,3347800.371034871,315.0300598144531
V0017,569109.9091909033,3347770.371034871,887.345703125
V0018,594249.9091909033,3347740.371034871,208.8639373779297
V0019,619269.9091909033,3347740.371034871,419.55535888671875
V0020,653199.9091909033,3347680.371034871,513.023681640625
V0021,613689.9091909033,3347650.371034871,208.75477600097656
V0022,661779.9091909033,3347650.371034871,939.6246948242188
V0023,601809.9091909033,3347620.371034871,769.4531860351562
V0024,634149.9091909033,3347620.371034871,276.00213623046875
V0025,588729.9091909033,3347590.371034871,611.5805053710938
V0026,643269.9091909033,3347590.371034871,602.7658081054688
V0027,565659.9091909033,3347560.371034871,729.0394287109375
V0028,604299.9091909033,3347560.371034871,550.8766479492188
V0029,676809.9091909033,3347560.371034871,512.4799194335938
V0030,626049.9091909033,3347530.371034871,388.4910583496094
V0031,548139.9091909033,3347500.371034871,677.3924560546875
V0032,556839.9091909033,3347500.371034871,485.6439514160156
V0033,574239.9091909033,3347500.371034871,560.3927612304688
V0034,656439.9091909033,3347500.371034871,549.01904296875
V0035,608199.9091909033,3347470.371034871,203.99192810058594
V0036,646809.9091909033,3347440.371034871,319.6136779785156
V0037,581679.9091909033,3347410.371034871,531.92919921875
V0038,671649.9091909033,3347410.371034871,579.4812622070312
V0039,650679.9091909033,3347320.371034871,466.0667724609375
V0040,570729.9091909033,3347290.371034871,802.7421264648438
V0041,666759.9091909033,3347260.371034871,388.3912048339844
V0042,544239.9091909033,3347200.371034871,544.57080078125
V0043,636099.9091909033,3347200.371034871,798.9627075195312
V0044,639249.9091909033,3347200.371034871,592.2023315429688
V0045,624189.9091909033,3347140.371034871,404.2898254394531
V0046,659199.9091909033,3347110.371034871,646.4253540039062
V0047,648909.9091909033,3347080.371034871,581.611572265625
V0048,669129.9091909033,3347050.371034871,723.6025390625
V0049,591489.9091909033,3347020.371034871,137.17745971679688
V0050,605889.9091909033,3347020.371034871,651.0078125
V0051,561489.9091909033,3346990.371034871,466.82177734375
V0052,621549.9091909033,3346990.371034871,461.6459655761719
V0053,611469.9091909033,3346960.371034871,218.28118896484375
V0054,616419.9091909033,3346930.371034871,210.51148986816406
V0055,571149.9091909033,3345580.371034871,842.3211669921875
V0056,601059.9091909033,3345580.371034871,420.18896484375
V0057,544029.9091909033,3345520.371034871,487.4624328613281
V0058,569049.9091909033,3345520.371034871,783.6351318359375
V0059,649029.9091909033,3345520.371034871,526.9380493164062
V0060,553389.9091909033,3345490.371034871,316.4523010253906
V0061,628419.9091909033,3345490.371034871,414.66290283203125
V0062,660849.9091909033,3345460.371034871,719.472412109375
V0063,641319.9091909033,3345430.371034871,732.8515014648438
V0064,659109.9091909033,3345430.371034871,973.9734497070312
V0065,643539.9091909033,3345370.371034871,448.6154479980469
V0066,546039.9091909033,3345340.371034871,316.13623046875
V0067,621729.9091909033,3345340.371034871,457.6400146484375
V0068,669219.9091909033,3345220.371034871,726.2318115234375
V0069,604299.9091909033,3345190.371034871,373.9880065917969
V0070,616809.9091909033,3345190.371034871,469.7855529785156
V0071,551139.9091909033,3345160.371034871,285.67333984375
V0072,591819.9091909033,3345160.371034871,517.857177734375
V0073,588369.9091909033,3345130.371034871,764.690673828125
V0074,623979.9091909033,3345130.371034871,600.0621337890625
V0075,665679.9091909033,3345040.371034871,767.7564697265625
V0076,618129.9091909033,3345010.371034871,450.6905517578125
V0077,653439.9091909033,3344980.371034871,627.8092651367188
V0078,573159.9091909033,3344950.371034871,411.62640380859375
V0079,583929.9091909033,3344920.371034871,636.8563232421875
V0080,656709.9091909033,3344920.371034871,784.1888427734375
V0081,561819.9091909033,3344860.371034871,758.4540405273438
V0082,581799.9091909033,3344830.371034871,433.7027587890625
V0083,630669.9091909033,3344830.371034871,293.6490173339844
V0084,664299.9091909033,3344830.371034871,382.7628479003906
V0085,676119.9091909033,3344830.371034871,1041.3043212890625
V0086,605739.9091909033,3344800.371034871,756.1195068359375
V0087,598269.9091909033,3344770.371034871,470.54193115234375
V0088,593679.9091909033,3344740.371034871,713.6409301757812
V0089,586089.9091909033,3344710.371034871,552.4611206054688
V0090,610719.9091909033,3344710.371034871,308.03424072265625
V0091,636249.9091909033,3344710.371034871,994.59521484375
V0092,673269.9091909033,3344680.371034871,492.7011413574219
V0093,579009.9091909033,3344650.371034871,420.57373046875
V0094,566469.9091909033,3344620.371034871,948.30126953125
V0095,596649.9091909033,3344620.371034871,621.168701171875
V0096,633999.9091909033,3344620.371034871,351.2584228515625
V0097,651039.9091909033,3344620.371034871,475.40081787109375
V0098,576129.9091909033,3344590.371034871,316.1336669921875
V0099,548409.9091909033,3344530.371034871,298.63287353515625
V0100,556599.9091909033,3344530.371034871,447.420166015625
V0101,626589.9091909033,3344530.371034871,465.53509521484375
V0102,558609.9091909033,3344470.371034871,599.6559448242188
V0103,563559.9091909033,3344440.371034871,865.3505249023438
V0104,608919.9091909033,3344440.371034871,365.6685791015625
V0105,613569.9091909033,3344440.371034871,440.0120849609375
V0106,638559.9091909033,3344440.371034871,986.9569702148438
V0107,671139.9091909033,3344440.371034871,468.95556640625
V0108,646239.9091909033,3344410.371034871,365.58203125
V0109,653739.9091909033,3343120.371034871,660.630615234375
V0110,596049.9091909033,3343090.371034871,631.8486328125
V0111,663909.9091909033,3343090.371034871,523.1058349609375
V0112,621459.9091909033,3343060.371034871,310.222412109375
V0113,668439.9091909033,3343030.371034871,521.6640014648438
V0114,549099.9091909033,3343000.371034871,245.33250427246094
V0115,641529.9091909033,3342970.371034871,716.1826782226562
V0116,561669.9091909033,3342940.371034871,784.7254638671875
V0117,580899.9091909033,3342940.371034871,467.352294921875
V0118,563259.9091909033,3342880.371034871,554.087158203125
V0119,629229.9091909033,3342880.371034871,466.0265808105469
V0120,648249.9091909033,3342880.371034871,609.8611450195312
V0121,546579.9091909033,3342850.371034871,189.95779418945312
V0122,559209.9091909033,3342790.371034871,531.80419921875
V0123,618339.9091909033,3342790.371034871,342.27105712890625
V0124,584109.9091909033,3342670.371034871,459.7463684082031
V0125,568269.9091909033,3342640.371034871,602.5501098632812
V0126,608169.9091909033,3342640.371034871,703.3519287109375
V0127,614139.9091909033,3342640.371034871,786.9544067382812
V0128,565689.9091909033,3342580.371034871,798.80810546875
V0129,593379.9091909033,3342580.371034871,521.3582763671875
V0130,570969.9091909033,3342550.371034871,393.3509826660156
V0131,585669.9091909033,3342550.371034871,473.4132995605469
V0132,626229.9091909033,3342550.371034871,759.3896484375
V0133,555639.9091909033,3342520.371034871,359.01995849609375
V0134,588699.9091909033,3342520.371034871,369.3950500488281
V0135,638139.9091909033,3342520.371034871,886.9188842773438
V0136,671799.9091909033,3342490.371034871,452.9859313964844
V0137,543369.9091909033,3342430.371034871,344.8699035644531
V0138,553509.9091909033,3342430.371034871,557.0149536132812
V0139,573369.9091909033,3342430.371034871,361.7698974609375
V0140,646809.9091909033,3342430.371034871,469.804931640625
V0141,676089.9091909033,3342430.371034871,1323.864990234375
V0142,604269.9091909033,3342370.371034871,441.4622497558594
V0143,579159.9091909033,3342340.371034871,469.50921630859375
V0144,661809.9091909033,3342340.371034871,445.5452575683594
V0145,591549.9091909033,3342310.371034871,353.2921142578125
V0146,666309.9091909033,3342310.371034871,682.360107421875
V0147,615699.9091909033,3342280.371034871,597.9375610351562
V0148,636789.9091909033,3342280.371034871,829.5770263671875
V0149,650829.9091909033,3342250.371034871,573.2938842773438
V0150,551739.9091909033,3342220.371034871,429.8179931640625
V0151,643239.9091909033,3342220.371034871,482.7096252441406
V0152,658269.9091909033,3342220.371034871,933.6350708007812
V0153,611709.9091909033,3342190.371034871,412.63189697265625
V0154,576729.9091909033,3342160.371034871,462.7654724121094
V0155,598329.9091909033,3342100.371034871,648.964111328125
V0156,600819.9091909033,3342100.371034871,548.97802734375
V0157,623769.9091909033,3342100.371034871,569.4937133789062
V0158,656649.9091909033,3342100.371034871,547.3565063476562
V0159,673899.9091909033,3342040.371034871,1245.5177001953125
V0160,605949.9091909033,3342010.371034871,808.2246704101562
V0161,633969.9091909033,3341980.371034871,329.7060241699219
V0162,631059.9091909033,3341950.371034871,336.5451354980469
V0163,601269.9091909033,3340570.371034871,559.2769165039062
V0164,606369.9091909033,3340570.371034871,833.0983276367188
V0165,656469.9091909033,3340540.371034871,716.2412109375
V0166,640959.9091909033,3340510.371034871,723.8753051757812
V0167,661509.9091909033,3340450.371034871,697.9915771484375
V0168,675849.9091909033,3340450.371034871,922.1631469726562
V0169,650799.9091909033,3340390.371034871,559.7093505859375
V0170,550749.9091909033,3340360.371034871,340.1242980957031
V0171,573249.9091909033,3340360.371034871,614.328857421875
V0172,575769.9091909033,3340360.371034871,650.473876953125
V0173,604209.9091909033,3340360.371034871,286.9090270996094
V0174,658269.9091909033,3340360.371034871,574.8613891601562
V0175,665949.9091909033,3340330.371034871,633.6188354492188
V0176,598239.9091909033,3340300.371034871,603.3079223632812
V0177,643689.9091909033,3340240.371034871,330.3116455078125
V0178,619059.9091909033,3340210.371034871,603.5913696289062
V0179,563889.9091909033,3340180.371034871,711.4027709960938
V0180,585669.9091909033,3340180.371034871,306.1400146484375
V0181,566439.9091909033,3340150.371034871,646.7460327148438
V0182,638169.9091909033,3340150.371034871,1232.22265625
V0183,594309.9091909033,3340120.371034871,488.3722229003906
V0184,646749.9091909033,3340090.371034871,435.9364318847656
V0185,620679.9091909033,3340060.371034871,421.78594970703125
V0186,554349.9091909033,3340000.371034871,235.4644012451172
V0187,583659.9091909033,3340000.371034871,490.8944396972656
V0188,626799.9091909033,3339970.371034871,717.3609008789062
V0189,633759.9091909033,3339940.371034871,374.8543701171875
V0190,581739.9091909033,3339910.371034871,595.6554565429688
V0191,568719.9091909033,3339880.371034871,407.7005615234375
V0192,636819.9091909033,3339820.371034871,1011.3078002929688
V0193,544269.9091909033,3339790.371034871,503.938232421875
V0194,648909.9091909033,3339760.371034871,553.3670043945312
V0195,671769.9091909033,3339760.371034871,817.3246459960938
V0196,548229.9091909033,3339700.371034871,226.0231170654297
V0197,588519.9091909033,3339670.371034871,317.9554443359375
V0198,608259.9091909033,3339640.371034871,936.5868530273438
V0199,611709.9091909033,3339640.371034871,871.82666015625
V0200,545799.9091909033,3339610.371034871,428.3809509277344
V0201,556689.9091909033,3339610.371034871,375.6017150878906
V0202,614169.9091909033,3339610.371034871,1106.8994140625
V0203,653769.9091909033,3339610.371034871,695.408447265625
V0204,674169.9091909033,3339610.371034871,1190.004150390625
V0205,624159.9091909033,3339580.371034871,382.6448974609375
V0206,595839.9091909033,3339550.371034871,613.1526489257812
V0207,559059.9091909033,3339520.371034871,369.0382995605469
V0208,571509.9091909033,3339520.371034871,625.650634765625
V0209,590949.9091909033,3339520.371034871,363.84063720703125
V0210,616539.9091909033,3339490.371034871,1159.7861328125
V0211,578739.9091909033,3339460.371034871,378.77362060546875
V0212,628689.9091909033,3339430.371034871,452.3616638183594
V0213,631359.9091909033,3339430.371034871,357.2274169921875
V0214,668739.9091909033,3339430.371034871,756.0634155273438
V0215,561249.9091909033,3339400.371034871,476.3728942871094
V0216,663729.9091909033,3339400.371034871,404.7279052734375
V0217,668679.9091909033,3338080.371034871,419.11907958984375
V0218,620949.9091909033,3338020.371034871,241.7593994140625
V0219,543369.9091909033,3337990.371034871,802.705810546875
V0220,546639.9091909033,3337960.371034871,524.5223388671875
V0221,548619.9091909033,3337960.371034871,568.765380859375
V0222,573309.9091909033,3337930.371034871,418.8904724121094
V0223,601059.9091909033,3337930.371034871,531.3324584960938
V0224,676689.9091909033,3337900.371034871,1153.7880859375
V0225,639219.9091909033,3337840.371034871,758.7135620117188
V0226,558339.9091909033,3337810.371034871,542.6467895507812
V0227,655719.9091909033,3337810.371034871,703.0978393554688
V0228,664029.9091909033,3337810.371034871,465.2478942871094
V0229,625899.9091909033,3337780.371034871,553.4634399414062
V0230,560709.9091909033,3337750.371034871,553.6234741210938
V0231,644199.9091909033,3337750.371034871,307.7311706542969
V0232,563229.9091909033,3337720.371034871,446.6476135253906
V0233,673449.9091909033,3337720.371034871,1223.395751953125
V0234,615669.9091909033,3337690.371034871,1441.91650390625
V0235,629199.9091909033,3337690.371034871,784.2243041992188
V0236,659319.9091909033,3337690.371034871,349.466552734375
V0237,593349.9091909033,3337660.371034871,524.8406982421875
V0238,630669.9091909033,3337660.371034871,685.5328369140625
V0239,599319.9091909033,3337600.371034871,614.9315795898438
V0240,575679.9091909033,3337570.371034871,537.5277099609375
V0241,578169.9091909033,3337570.371034871,457.4820251464844
V0242,623859.9091909033,3337570.371034871,502.087646484375
V0243,585639.9091909033,3337510.371034871,456.46002197265625
V0244,609339.9091909033,3337510.371034871,1366.5513916015625
V0245,640689.9091909033,3337510.371034871,395.040283203125
V0246,653139.9091909033,3337510.371034871,767.8317260742188
V0247,671769.9091909033,3337510.371034871,1300.4031982421875
V0248,551799.9091909033,3337420.371034871,349.6043701171875
V0249,661599.9091909033,3337420.371034871,425.5824890136719
V0250,596799.9091909033,3337360.371034871,510.1324157714844
V0251,553539.9091909033,3337330.371034871,696.8405151367188
V0252,649239.9091909033,3337330.371034871,619.066162109375
V0253,589269.9091909033,3337300.371034871,452.8365783691406
V0254,634239.9091909033,3337270.371034871,797.3319702148438
V0255,603909.9091909033,3337240.371034871,602.16064453125
V0256,568359.9091909033,3337180.371034871,663.2578735351562
V0257,635769.9091909033,3337180.371034871,1119.0213623046875
V0258,566709.9091909033,3337150.371034871,481.3580017089844
V0259,570759.9091909033,3337150.371034871,511.5749816894531
V0260,610839.9091909033,3337150.371034871,1255.054931640625
V0261,666009.9091909033,3337120.371034871,530.0875244140625
V0262,618339.9091909033,3337060.371034871,1034.72119140625
V0263,580869.9091909033,3337030.371034871,392.9149475097656
V0264,591189.9091909033,3337030.371034871,508.0872497558594
V0265,614109.9091909033,3337030.371034871,1320.017822265625
V0266,646359.9091909033,3337000.371034871,349.8302307128906
V0267,555999.9091909033,3336970.371034871,428.1167297363281
V0268,651009.9091909033,3336970.371034871,1063.11962890625
V0269,606429.9091909033,3336940.371034871,650.342041015625
V0270,583749.9091909033,3336910.371034871,459.41839599609375
V0271,553929.9091909033,3335590.371034871,455.3275451660156
V0272,636309.9091909033,3335590.371034871,1047.929443359375
V0273,583899.9091909033,3335560.371034871,459.4404602050781
V0274,653949.9091909033,3335560.371034871,856.2847900390625
V0275,643569.9091909033,3335500.371034871,546.8085327148438
V0276,545829.9091909033,3335440.371034871,273.06146240234375
V0277,564099.9091909033,3335440.371034871,473.07598876953125
V0278,581499.9091909033,3335440.371034871,576.2725219726562
V0279,638259.9091909033,3335380.371034871,484.93450927734375
V0280,596739.9091909033,3335320.371034871,533.8439331054688
V0281,613239.9091909033,3335320.371034871,1627.1341552734375
V0282,663219.9091909033,3335320.371034871,438.7215576171875
V0283,591699.9091909033,3335290.371034871,440.810546875
V0284,578199.9091909033,3335260.371034871,543.8999633789062
V0285,633909.9091909033,3335230.371034871,1033.7713623046875
V0286,543249.9091909033,3335200.371034871,476.22906494140625
V0287,618159.9091909033,3335200.371034871,1028.3648681640625
V0288,655659.9091909033,3335200.371034871,467.5450439453125
V0289,568239.9091909033,3335170.371034871,694.8818359375
V0290,609309.9091909033,3335170.371034871,1529.6929931640625
V0291,620679.9091909033,3335140.371034871,336.3699035644531
V0292,645669.9091909033,3335140.371034871,690.6995849609375
V0293,651489.9091909033,3335140.371034871,944.1250610351562
V0294,566709.9091909033,3335110.371034871,773.6744384765625
V0295,626739.9091909033,3335080.371034871,592.8261108398438
V0296,588219.9091909033,3334960.371034871,450.3747253417969
V0297,555729.9091909033,3334900.371034871,354.70269775390625
V0298,585669.9091909033,3334870.371034871,321.90606689453125
V0299,665799.9091909033,3334870.371034871,394.9530334472656
V0300,669309.9091909033,3334870.371034871,712.6183471679688
V0301,560979.9091909033,3334840.371034871,450.7534484863281
V0302,659169.9091909033,3334840.371034871,681.179931640625
V0303,558279.9091909033,3334810.371034871,624.0150756835938
V0304,576789.9091909033,3334810.371034871,314.73638916015625
V0305,573189.9091909033,3334780.371034871,469.12042236328125
V0306,628839.9091909033,3334780.371034871,893.72265625
V0307,571659.9091909033,3334750.371034871,497.45941162109375
V0308,641289.9091909033,3334660.371034871,372.12652587890625
V0309,676659.9091909033,3334660.371034871,1249.83447265625
V0310,605979.9091909033,3334630.371034871,868.2731323242188
V0311,548319.9091909033,3334600.371034871,265.0994873046875
V0312,551649.9091909033,3334600.371034871,270.8561706542969
V0313,603309.9091909033,3334600.371034871,540.1958618164062
V0314,649149.9091909033,3334600.371034871,932.7694702148438
V0315,615849.9091909033,3334570.371034871,1356.229736328125
V0316,660849.9091909033,3334570.371034871,502.6099548339844
V0317,611589.9091909033,3334540.371034871,1721.754638671875
V0318,631599.9091909033,3334540.371034871,870.4401245117188
V0319,673449.9091909033,3334510.371034871,1122.014404296875
V0320,601239.9091909033,3334480.371034871,640.4915771484375
V0321,593679.9091909033,3334450.371034871,545.6732788085938
V0322,598719.9091909033,3334450.371034871,446.1620788574219
V0323,623589.9091909033,3334450.371034871,598.5692138671875
V0324,671049.9091909033,3334450.371034871,1061.63330078125
V0325,593829.9091909033,3333070.371034871,499.4651794433594
V0326,631419.9091909033,3333070.371034871,1194.234130859375
V0327,561069.9091909033,3333010.371034871,347.8887023925781
V0328,648549.9091909033,3333010.371034871,724.7379150390625
V0329,670929.9091909033,3333010.371034871,875.112548828125
V0330,551589.9091909033,3332980.371034871,444.81756591796875
V0331,610839.9091909033,3332950.371034871,1472.145263671875
V0332,666159.9091909033,3332950.371034871,270.17596435546875
V0333,650859.9091909033,3332920.371034871,631.9664916992188
V0334,600789.9091909033,3332890.371034871,577.2762451171875
V0335,564219.9091909033,3332860.371034871,489.03662109375
V0336,576729.9091909033,3332860.371034871,341.9568176269531
V0337,588279.9091909033,3332830.371034871,501.5585632324219
V0338,615759.9091909033,3332830.371034871,958.8705444335938
V0339,633309.9091909033,3332770.371034871,1281.1787109375
V0340,613209.9091909033,3332740.371034871,1627.30859375
V0341,565659.9091909033,3332680.371034871,521.9525756835938
V0342,574179.9091909033,3332650.371034871,506.1975402832031
V0343,584319.9091909033,3332650.371034871,542.8823852539062
V0344,578409.9091909033,3332620.371034871,524.7297973632812
V0345,596799.9091909033,3332590.371034871,639.0665283203125
V0346,659319.9091909033,3332590.371034871,617.8745727539062
V0347,669309.9091909033,3332590.371034871,1251.6845703125
V0348,599319.9091909033,3332560.371034871,627.5541381835938
V0349,571839.9091909033,3332500.371034871,473.5175476074219
V0350,545919.9091909033,3332440.371034871,720.400634765625
V0351,553269.9091909033,3332440.371034871,596.3252563476562
V0352,581739.9091909033,3332440.371034871,603.2357788085938
V0353,548619.9091909033,3332380.371034871,560.65283203125
V0354,641799.9091909033,3332350.371034871,571.6774291992188
V0355,643179.9091909033,3332350.371034871,500.9601135253906
V0356,654309.9091909033,3332350.371034871,557.9976196289062
V0357,635679.9091909033,3332320.371034871,728.8881225585938
V0358,663159.9091909033,3332320.371034871,417.794921875
V0359,676809.9091909033,3332320.371034871,1353.73095703125
V0360,543609.9091909033,3332290.371034871,376.2292785644531
V0361,568209.9091909033,3332260.371034871,558.3654174804688
V0362,555729.9091909033,3332230.371034871,513.92431640625
V0363,646749.9091909033,3332200.371034871,480.1918029785156
V0364,660729.9091909033,3332200.371034871,572.867919921875
V0365,606699.9091909033,3332170.371034871,1032.95556640625
V0366,618579.9091909033,3332170.371034871,592.9183959960938
V0367,590799.9091909033,3332140.371034871,443.412841796875
V0368,609219.9091909033,3332140.371034871,1532.0909423828125
V0369,603369.9091909033,3332020.371034871,689.64990234375
V0370,624099.9091909033,3332020.371034871,888.4613037109375
V0371,628389.9091909033,3332020.371034871,997.0634765625
V0372,674109.9091909033,3332020.371034871,1109.6995849609375
V0373,558699.9091909033,3331990.371034871,514.6897583007812
V0374,585969.9091909033,3331990.371034871,351.67034912109375
V0375,625959.9091909033,3331990.371034871,1011.2691650390625
V0376,656529.9091909033,3331990.371034871,480.6629943847656
V0377,638979.9091909033,3331960.371034871,527.9595947265625
V0378,621069.9091909033,3331930.371034871,669.7687377929688
V0379,581409.9091909033,3330580.371034871,334.8042297363281
V0380,583839.9091909033,3330580.371034871,628.1806640625
V0381,653589.9091909033,3330580.371034871,278.6030578613281
V0382,611199.9091909033,3330550.371034871,1392.3492431640625
V0383,638919.9091909033,3330550.371034871,771.6451416015625
V0384,650829.9091909033,3330430.371034871,294.88641357421875
V0385,656439.9091909033,3330430.371034871,570.693603515625
V0386,646359.9091909033,3330400.371034871,617.6107177734375
V0387,659139.9091909033,3330400.371034871,427.1996765136719
V0388,550749.9091909033,3330370.371034871,585.17626953125
V0389,555759.9091909033,3330370.371034871,251.1893310546875
V0390,570759.9091909033,3330370.371034871,406.6187744140625
V0391,608259.9091909033,3330370.371034871,1433.5438232421875
V0392,636729.9091909033,3330370.371034871,735.7349243164062
V0393,660849.9091909033,3330370.371034871,468.52734375
V0394,648219.9091909033,3330310.371034871,529.733154296875
V0395,631809.9091909033,3330190.371034871,1066.4166259765625
V0396,585669.9091909033,3330130.371034871,403.562255859375
V0397,573279.9091909033,3330070.371034871,610.4058837890625
V0398,548139.9091909033,3330010.371034871,597.2987060546875
V0399,633129.9091909033,3330010.371034871,1180.362548828125
V0400,676809.9091909033,3329980.371034871,750.2003784179688
V0401,554259.9091909033,3329950.371034871,641.3375854492188
V0402,576729.9091909033,3329950.371034871,483.3207702636719
V0403,640659.9091909033,3329920.371034871,663.0921630859375
V0404,566799.9091909033,3329890.371034871,553.81494140625
V0405,673389.9091909033,3329890.371034871,1278.9993896484375
V0406,563229.9091909033,3329830.371034871,537.8123168945312
V0407,613179.9091909033,3329830.371034871,789.3142700195312
V0408,578199.9091909033,3329770.371034871,518.5488891601562
V0409,619209.9091909033,3329740.371034871,1033.7484130859375
V0410,558459.9091909033,3329710.371034871,518.6915893554688
V0411,626169.9091909033,3329710.371034871,1392.1519775390625
V0412,669249.9091909033,3329710.371034871,939.0543823242188
V0413,545859.9091909033,3329680.371034871,476.6966247558594
V0414,616359.9091909033,3329650.371034871,636.0782470703125
V0415,598299.9091909033,3329620.371034871,973.9931030273438
V0416,543879.9091909033,3329590.371034871,685.4302368164062
V0417,595809.9091909033,3329590.371034871,838.8973388671875
V0418,643599.9091909033,3329590.371034871,513.7907104492188
V0419,664149.9091909033,3329590.371034871,525.7626342773438
V0420,594129.9091909033,3329560.371034871,933.588623046875
V0421,628359.9091909033,3329560.371034871,1137.6463623046875
V0422,589089.9091909033,3329530.371034871,432.1628723144531
V0423,603549.9091909033,3329500.371034871,1137.0447998046875
V0424,666549.9091909033,3329500.371034871,283.3230895996094
V0425,561009.9091909033,3329470.371034871,354.7828674316406
V0426,591009.9091909033,3329470.371034871,902.451416015625
V0427,606489.9091909033,3329470.371034871,1179.0260009765625
V0428,621009.9091909033,3329470.371034871,1091.2735595703125
V0429,623529.9091909033,3329470.371034871,952.1468505859375
V0430,671469.9091909033,3329470.371034871,1186.7392578125
V0431,601059.9091909033,3329440.371034871,1230.824951171875
V0432,568749.9091909033,3329410.371034871,519.5093994140625
V0433,646239.9091909033,3328120.371034871,260.56878662109375
V0434,651249.9091909033,3328120.371034871,196.3080291748047
V0435,621069.9091909033,3328090.371034871,1012.3909912109375
V0436,633579.9091909033,3328090.371034871,1006.16162109375
V0437,641139.9091909033,3328090.371034871,540.1433715820312
V0438,606369.9091909033,3328060.371034871,939.34716796875
V0439,594039.9091909033,3328030.371034871,821.0991821289062
V0440,625959.9091909033,3328030.371034871,986.279541015625
V0441,561609.9091909033,3328000.371034871,556.2205810546875
V0442,596589.9091909033,3328000.371034871,1201.1334228515625
V0443,649089.9091909033,3328000.371034871,235.177001953125
V0444,673599.9091909033,3328000.371034871,1041.6968994140625
V0445,589149.9091909033,3327940.371034871,803.767822265625
V0446,656049.9091909033,3327940.371034871,506.5649719238281
V0447,569199.9091909033,3327910.371034871,494.3261413574219
V0448,670779.9091909033,3327910.371034871,1167.9234619140625
V0449,611709.9091909033,3327880.371034871,883.4313354492188
V0450,609189.9091909033,3327820.371034871,1301.9893798828125
V0451,599229.9091909033,3327790.371034871,1146.1575927734375
V0452,590709.9091909033,3327760.371034871,1002.2274780273438
V0453,669279.9091909033,3327760.371034871,825.4795532226562
V0454,555849.9091909033,3327730.371034871,242.28126525878906
V0455,658599.9091909033,3327730.371034871,489.4283142089844
V0456,643179.9091909033,3327700.371034871,626.1595458984375
V0457,616779.9091909033,3327670.371034871,745.6763305664062
V0458,619299.9091909033,3327670.371034871,1169.3634033203125
V0459,603939.9091909033,3327640.371034871,1423.7266845703125
V0460,631809.9091909033,3327640.371034871,962.1823120117188
V0461,665679.9091909033,3327640.371034871,744.1826171875
V0462,566529.9091909033,3327580.371034871,524.6713256835938
V0463,571809.9091909033,3327580.371034871,533.0037841796875
V0464,624339.9091909033,3327520.371034871,1340.5936279296875
V0465,628779.9091909033,3327460.371034871,1012.3109741210938
V0466,563169.9091909033,3327400.371034871,488.4662780761719
V0467,585669.9091909033,3327400.371034871,741.1781616210938
V0468,549189.9091909033,3327370.371034871,669.2883911132812
V0469,600669.9091909033,3327370.371034871,1017.3574829101562
V0470,676539.9091909033,3327370.371034871,596.9743041992188
V0471,578199.9091909033,3327310.371034871,480.630859375
V0472,639279.9091909033,3327310.371034871,646.49658203125
V0473,654189.9091909033,3327220.371034871,375.96099853515625
V0474,573669.9091909033,3327190.371034871,454.01055908203125
V0475,580779.9091909033,3327160.371034871,476.39508056640625
V0476,576699.9091909033,3327130.371034871,317.3372802734375
V0477,554079.9091909033,3327040.371034871,514.9254760742188
V0478,558369.9091909033,3327040.371034871,358.9374084472656
V0479,635889.9091909033,3327040.371034871,618.8952026367188
V0480,545949.9091909033,3327010.371034871,856.8846435546875
V0481,583959.9091909033,3326980.371034871,579.8696899414062
V0482,613989.9091909033,3326980.371034871,740.2364501953125
V0483,663609.9091909033,3326980.371034871,1044.0421142578125
V0484,543879.9091909033,3326950.371034871,952.220458984375
V0485,551409.9091909033,3326950.371034871,896.3391723632812
V0486,661179.9091909033,3326950.371034871,430.3215637207031
V0487,558549.9091909033,3325570.371034871,177.26124572753906
V0488,586419.9091909033,3325570.371034871,752.4087524414062
V0489,616389.9091909033,3325570.371034871,822.04638671875
V0490,643569.9091909033,3325570.371034871,326.8023376464844
V0491,663639.9091909033,3325570.371034871,598.6705932617188
V0492,655989.9091909033,3325540.371034871,308.5582580566406
V0493,604089.9091909033,3325480.371034871,1293.365966796875
V0494,595839.9091909033,3325450.371034871,1040.0347900390625
V0495,654129.9091909033,3325450.371034871,309.9351806640625
V0496,553269.9091909033,3325360.371034871,780.9541625976562
V0497,621639.9091909033,3325210.371034871,808.8950805664062
V0498,635889.9091909033,3325210.371034871,487.4282531738281
V0499,608979.9091909033,3325180.371034871,988.4094848632812
V0500,613179.9091909033,3325180.371034871,683.6411743164062
V0501,545679.9091909033,3325150.371034871,1055.0206298828125
V0502,561819.9091909033,3325150.371034871,211.4154815673828
V0503,580779.9091909033,3325150.371034871,806.259033203125
V0504,605679.9091909033,3325150.371034871,1016.8636474609375
V0505,646569.9091909033,3325120.371034871,265.7840576171875
V0506,549159.9091909033,3325090.371034871,1199.6973876953125
V0507,563619.9091909033,3325090.371034871,422.14007568359375
V0508,588939.9091909033,3325000.371034871,1207.5433349609375
V0509,625629.9091909033,3325000.371034871,874.9686889648438
V0510,640629.9091909033,3325000.371034871,487.1936340332031
V0511,666819.9091909033,3324940.371034871,504.22076416015625
V0512,669309.9091909033,3324940.371034871,627.6004028320312
V0513,638259.9091909033,3324910.371034871,533.8404541015625
V0514,576819.9091909033,3324820.371034871,585.388916015625
V0515,624309.9091909033,3324820.371034871,995.3942260742188
V0516,675819.9091909033,3324790.371034871,548.0449829101562
V0517,570699.9091909033,3324760.371034871,688.0560302734375
V0518,591189.9091909033,3324760.371034871,1218.0648193359375
V0519,628449.9091909033,3324700.371034871,960.0185546875
V0520,598839.9091909033,3324670.371034871,1022.4328002929688
V0521,670899.9091909033,3324670.371034871,656.863525390625
V0522,556209.9091909033,3324640.371034871,204.30897521972656
V0523,593259.9091909033,3324640.371034871,834.9522705078125
V0524,650859.9091909033,3324640.371034871,221.8370361328125
V0525,544179.9091909033,3324610.371034871,1685.21875
V0526,566679.9091909033,3324610.371034871,351.6874084472656
V0527,600939.9091909033,3324610.371034871,718.3668823242188
V0528,618399.9091909033,3324610.371034871,831.0365600585938
V0529,659199.9091909033,3324610.371034871,462.00970458984375
V0530,673299.9091909033,3324610.371034871,654.4849243164062
V0531,633309.9091909033,3324580.371034871,648.7901611328125
V0532,648669.9091909033,3324580.371034871,246.1632843017578
V0533,550989.9091909033,3324550.371034871,1499.1455078125
V0534,630939.9091909033,3324490.371034871,604.2749633789062
V0535,661539.9091909033,3324490.371034871,557.2622680664062
V0536,573489.9091909033,3324460.371034871,659.9144897460938
V0537,583929.9091909033,3324460.371034871,529.02685546875
V0538,611079.9091909033,3324460.371034871,729.7738647460938
V0539,568779.9091909033,3324430.371034871,580.9826049804688
V0540,578739.9091909033,3324400.371034871,887.0203247070312
V0541,623739.9091909033,3323110.371034871,781.5482177734375
V0542,578769.9091909033,3323080.371034871,775.3911743164062
V0543,581259.9091909033,3323080.371034871,668.1128540039062
V0544,631269.9091909033,3323080.371034871,568.63671875
V0545,658629.9091909033,3323080.371034871,528.609375
V0546,663549.9091909033,3323080.371034871,541.5595703125
V0547,543489.9091909033,3323050.371034871,1425.9088134765625
V0548,608499.9091909033,3323050.371034871,503.61834716796875
V0549,610989.9091909033,3323050.371034871,736.650390625
V0550,584019.9091909033,3323020.371034871,516.66650390625
V0551,594039.9091909033,3323020.371034871,764.2210693359375
V0552,628479.9091909033,3323020.371034871,594.1362915039062
V0553,551559.9091909033,3322990.371034871,1054.9183349609375
V0554,571599.9091909033,3322990.371034871,979.6578369140625
V0555,598389.9091909033,3322990.371034871,1001.0355834960938
V0556,641109.9091909033,3322930.371034871,336.8564758300781
V0557,618399.9091909033,3322900.371034871,714.3207397460938
V0558,561729.9091909033,3322870.371034871,409.8629150390625
V0559,646389.9091909033,3322870.371034871,207.6388397216797
V0560,603729.9091909033,3322840.371034871,813.5839233398438
V0561,625779.9091909033,3322840.371034871,900.8944702148438
V0562,661719.9091909033,3322840.371034871,706.1402587890625
V0563,549249.9091909033,3322810.371034871,1292.110107421875
V0564,590709.9091909033,3322750.371034871,979.4254760742188
V0565,600819.9091909033,3322750.371034871,838.4139404296875
V0566,674289.9091909033,3322750.371034871,565.806640625
V0567,569289.9091909033,3322720.371034871,1083.1785888671875
V0568,546789.9091909033,3322660.371034871,1487.3585205078125
V0569,573159.9091909033,3322660.371034871,839.4882202148438
V0570,638469.9091909033,3322630.371034871,493.06658935546875
V0571,633639.9091909033,3322600.371034871,593.005126953125
V0572,565629.9091909033,3322510.371034871,550.0824584960938
V0573,615639.9091909033,3322510.371034871,750.5552978515625
V0574,558159.9091909033,3322420.371034871,517.4451904296875
V0575,596739.9091909033,3322360.371034871,647.0258178710938
V0576,589299.9091909033,3322330.371034871,932.3684692382812
V0577,676809.9091909033,3322330.371034871,614.3768920898438
V0578,605979.9091909033,3322270.371034871,839.89111328125
V0579,621789.9091909033,3322270.371034871,749.389404296875
V0580,636759.9091909033,3322240.371034871,568.3897094726562
V0581,653829.9091909033,3322240.371034871,297.43194580078125
V0582,555729.9091909033,3322210.371034871,300.0160827636719
V0583,575919.9091909033,3322210.371034871,616.8709716796875
V0584,613269.9091909033,3322210.371034871,618.6677856445312
V0585,651309.9091909033,3322210.371034871,315.3780212402344
V0586,666759.9091909033,3322210.371034871,481.144775390625
V0587,648429.9091909033,3322120.371034871,235.02316284179688
V0588,656679.9091909033,3322120.371034871,581.4740600585938
V0589,585819.9091909033,3322090.371034871,732.3285522460938
V0590,669069.9091909033,3322030.371034871,536.9266357421875
V0591,553779.9091909033,3321940.371034871,512.8436889648438
V0592,563919.9091909033,3321940.371034871,866.6036987304688
V0593,643839.9091909033,3321940.371034871,251.0973358154297
V0594,671049.9091909033,3321940.371034871,490.05224609375
V0595,621249.9091909033,3320620.371034871,686.5365600585938
V0596,543909.9091909033,3320590.371034871,1072.40966796875
V0597,606369.9091909033,3320590.371034871,694.0830688476562
V0598,563949.9091909033,3320560.371034871,1049.5186767578125
V0599,576009.9091909033,3320560.371034871,508.1748046875
V0600,628479.9091909033,3320530.371034871,412.7546691894531
V0601,666549.9091909033,3320530.371034871,394.86419677734375
V0602,549069.9091909033,3320500.371034871,763.6674194335938
V0603,568389.9091909033,3320500.371034871,641.8197631835938
V0604,658389.9091909033,3320500.371034871,395.5308532714844
V0605,631629.9091909033,3320470.371034871,376.3637390136719
V0606,648339.9091909033,3320470.371034871,219.77981567382812
V0607,559149.9091909033,3320440.371034871,933.728271484375
V0608,608529.9091909033,3320440.371034871,724.7134399414062
V0609,651279.9091909033,3320440.371034871,339.6303405761719
V0610,636699.9091909033,3320410.371034871,405.8376770019531
V0611,619209.9091909033,3320380.371034871,555.025390625
V0612,601149.9091909033,3320350.371034871,840.8892822265625
V0613,676329.9091909033,3320350.371034871,589.7692260742188
V0614,581079.9091909033,3320320.371034871,644.3571166992188
V0615,633219.9091909033,3320320.371034871,582.5597534179688
V0616,560859.9091909033,3320290.371034871,853.1583251953125
V0617,614289.9091909033,3320260.371034871,654.3280029296875
V0618,553629.9091909033,3320170.371034871,880.807861328125
V0619,593169.9091909033,3320140.371034871,408.36846923828125
V0620,644319.9091909033,3320140.371034871,251.07444763183594
V0621,565839.9091909033,3320110.371034871,831.161376953125
V0622,590679.9091909033,3320110.371034871,782.8963623046875
V0623,638139.9091909033,3320020.371034871,433.25396728515625
V0624,589299.9091909033,3319990.371034871,841.5484008789062
V0625,546819.9091909033,3319960.371034871,853.3562622070312
V0626,673689.9091909033,3319960.371034871,584.2150268554688
V0627,655929.9091909033,3319930.371034871,580.302001953125
V0628,623169.9091909033,3319870.371034871,727.5892944335938
V0629,664239.9091909033,3319870.371034871,574.6287841796875
V0630,604269.9091909033,3319810.371034871,787.4091186523438
V0631,596379.9091909033,3319780.371034871,517.7924194335938
V0632,615699.9091909033,3319780.371034871,574.730224609375
V0633,646479.9091909033,3319780.371034871,267.54876708984375
V0634,668829.9091909033,3319720.371034871,479.0013122558594
V0635,625749.9091909033,3319660.371034871,393.0999755859375
V0636,570939.9091909033,3319630.371034871,769.6175537109375
V0637,584199.9091909033,3319630.371034871,827.2838745117188
V0638,599169.9091909033,3319630.371034871,657.3330078125
V0639,661689.9091909033,3319630.371034871,340.32269287109375
V0640,654069.9091909033,3319600.371034871,428.12957763671875
V0641,551589.9091909033,3319570.371034871,768.7034912109375
V0642,573729.9091909033,3319570.371034871,727.1389770507812
V0643,578379.9091909033,3319540.371034871,605.0706176757812
V0644,586059.9091909033,3319540.371034871,849.2807006835938
V0645,610869.9091909033,3319540.371034871,509.9028625488281
V0646,641559.9091909033,3319540.371034871,270.4889831542969
V0647,556329.9091909033,3319450.371034871,812.1929321289062
V0648,671379.9091909033,3319450.371034871,733.1467895507812
V0649,601239.9091909033,3318100.371034871,654.2520141601562
V0650,571299.9091909033,3318070.371034871,589.3804931640625
V0651,591099.9091909033,3318070.371034871,442.07574462890625
V0652,623559.9091909033,3318070.371034871,613.6934814453125
V0653,626079.9091909033,3318070.371034871,369.4879455566406
V0654,603459.9091909033,3318010.371034871,552.72412109375
V0655,613899.9091909033,3318010.371034871,556.8776245117188
V0656,655929.9091909033,3318010.371034871,555.8726196289062
V0657,628659.9091909033,3317950.371034871,292.0419616699219
V0658,543279.9091909033,3317890.371034871,315.58087158203125
V0659,554199.9091909033,3317890.371034871,585.2083129882812
V0660,674199.9091909033,3317890.371034871,726.8292846679688
V0661,608259.9091909033,3317860.371034871,552.9548950195312
V0662,558249.9091909033,3317830.371034871,562.9342651367188
V0663,661149.9091909033,3317830.371034871,297.3820495605469
V0664,556749.9091909033,3317800.371034871,512.8414306640625
V0665,645729.9091909033,3317740.371034871,197.61697387695312
V0666,659259.9091909033,3317710.371034871,353.8575439453125
V0667,586809.9091909033,3317680.371034871,1082.8885498046875
V0668,643719.9091909033,3317680.371034871,188.3933868408203
V0669,619269.9091909033,3317650.371034871,831.6641235351562
V0670,584109.9091909033,3317590.371034871,929.9807739257812
V0671,575979.9091909033,3317560.371034871,632.2442016601562
V0672,610659.9091909033,3317560.371034871,648.010009765625
V0673,569349.9091909033,3317500.371034871,529.0344848632812
V0674,651849.9091909033,3317500.371034871,303.709228515625
V0675,653619.9091909033,3317470.371034871,672.66796875
V0676,561819.9091909033,3317440.371034871,547.2070922851562
V0677,638649.9091909033,3317410.371034871,286.197265625
V0678,640749.9091909033,3317350.371034871,298.0647277832031
V0679,546249.9091909033,3317320.371034871,376.87823486328125
V0680,579279.9091909033,3317320.371034871,601.08203125
V0681,669219.9091909033,3317320.371034871,689.6046142578125
V0682,675759.9091909033,3317320.371034871,1092.063720703125
V0683,548439.9091909033,3317290.371034871,496.44482421875
V0684,594009.9091909033,3317290.371034871,411.69036865234375
V0685,596739.9091909033,3317260.371034871,578.8617553710938
V0686,636099.9091909033,3317230.371034871,312.7846374511719
V0687,599259.9091909033,3317200.371034871,922.6401977539062
V0688,615819.9091909033,3317200.371034871,675.3684692382812
V0689,574119.9091909033,3317140.371034871,654.9367065429688
V0690,633249.9091909033,3317140.371034871,509.43914794921875
V0691,551349.9091909033,3317110.371034871,598.1106567382812
V0692,620859.9091909033,3317110.371034871,525.513916015625
V0693,649149.9091909033,3317080.371034871,258.64422607421875
V0694,606099.9091909033,3317050.371034871,893.7760009765625
V0695,670839.9091909033,3317050.371034871,836.3687744140625
V0696,566589.9091909033,3317020.371034871,691.0814819335938
V0697,666399.9091909033,3317020.371034871,368.82537841796875
V0698,588969.9091909033,3316960.371034871,667.4388427734375
V0699,663519.9091909033,3316960.371034871,312.69708251953125
V0700,581409.9091909033,3316930.371034871,767.199951171875
V0701,631419.9091909033,3316930.371034871,411.26885986328125
V0702,563739.9091909033,3316900.371034871,640.7055053710938
V0703,548739.9091909033,3315610.371034871,408.3050231933594
V0704,566229.9091909033,3315610.371034871,660.5321044921875
V0705,551319.9091909033,3315580.371034871,337.58331298828125
V0706,581289.9091909033,3315580.371034871,746.6849975585938
V0707,588639.9091909033,3315580.371034871,365.1954040527344
V0708,598599.9091909033,3315580.371034871,881.6740112304688
V0709,601059.9091909033,3315580.371034871,709.51806640625
V0710,606099.9091909033,3315580.371034871,687.6212158203125
V0711,621129.9091909033,3315580.371034871,616.612548828125
V0712,631389.9091909033,3315580.371034871,353.16229248046875
V0713,611019.9091909033,3315550.371034871,491.11639404296875
V0714,655989.9091909033,3315550.371034871,335.51544189453125
V0715,558669.9091909033,3315520.371034871,387.9335632324219
V0716,619029.9091909033,3315520.371034871,668.846435546875
V0717,653379.9091909033,3315490.371034871,461.27362060546875
V0718,586629.9091909033,3315460.371034871,720.08837890625
V0719,590859.9091909033,3315460.371034871,248.03485107421875
V0720,623649.9091909033,3315460.371034871,385.8480224609375
V0721,556719.9091909033,3315370.371034871,540.6777954101562
V0722,613239.9091909033,3315310.371034871,504.9395751953125
V0723,573309.9091909033,3315250.371034871,573.421875
V0724,594279.9091909033,3315250.371034871,534.7461547851562
V0725,625689.9091909033,3315250.371034871,224.1448211669922
V0726,643209.9091909033,3315250.371034871,169.8975372314453
V0727,666789.9091909033,3315250.371034871,424.9401550292969
V0728,578739.9091909033,3315220.371034871,880.7303466796875
V0729,615699.9091909033,3315190.371034871,656.3101196289062
V0730,634149.9091909033,3315130.371034871,407.8359375
V0731,641169.9091909033,3315130.371034871,226.2632598876953
V0732,676269.9091909033,3315130.371034871,1105.54736328125
V0733,661299.9091909033,3315100.371034871,373.7388610839844
V0734,608649.9091909033,3315040.371034871,706.4479370117188
V0735,648759.9091909033,3314980.371034871,690.5966796875
V0736,554319.9091909033,3314950.371034871,371.5565490722656
V0737,650679.9091909033,3314950.371034871,486.8809509277344
V0738,546639.9091909033,3314920.371034871,516.302978515625
V0739,645669.9091909033,3314890.371034871,207.2747344970703
V0740,596319.9091909033,3314830.371034871,501.0783996582031
V0741,671799.9091909033,3314830.371034871,912.1107788085938
V0742,561789.9091909033,3314770.371034871,650.4530639648438
V0743,571269.9091909033,3314740.371034871,418.8994140625
V0744,584169.9091909033,3314710.371034871,542.2259521484375
V0745,543249.9091909033,3314650.371034871,337.11138916015625
V0746,576729.9091909033,3314650.371034871,611.2863159179688
V0747,569169.9091909033,3314590.371034871,559.5865478515625
V0748,636669.9091909033,3314590.371034871,464.9076232910156
V0749,638919.9091909033,3314560.371034871,551.3217163085938
V0750,664059.9091909033,3314530.371034871,578.5506591796875
V0751,669039.9091909033,3314530.371034871,768.1455078125
V0752,563439.9091909033,3314500.371034871,633.7163696289062
V0753,628509.9091909033,3314470.371034871,251.9223175048828
V0754,673539.9091909033,3314470.371034871,889.3617553710938
V0755,603789.9091909033,3314440.371034871,507.80841064453125
V0756,658899.9091909033,3314440.371034871,376.8638610839844
V0757,568869.9091909033,3313090.371034871,356.5060729980469
V0758,613749.9091909033,3313090.371034871,539.327880859375
V0759,621129.9091909033,3313090.371034871,523.8292236328125
V0760,606429.9091909033,3313060.371034871,710.1909790039062
V0761,638979.9091909033,3313060.371034871,338.5609436035156
V0762,584049.9091909033,3313030.371034871,619.9901733398438
V0763,648429.9091909033,3313030.371034871,476.0636291503906
V0764,554079.9091909033,3313000.371034871,454.8818359375
V0765,586539.9091909033,3313000.371034871,276.0168151855469
V0766,669039.9091909033,3312910.371034871,814.3841552734375
V0767,543669.9091909033,3312880.371034871,281.75494384765625
V0768,560769.9091909033,3312880.371034871,685.4390869140625
V0769,598269.9091909033,3312880.371034871,428.3609924316406
V0770,601719.9091909033,3312880.371034871,589.9782104492188
V0771,634209.9091909033,3312880.371034871,250.16212463378906
V0772,658599.9091909033,3312850.371034871,435.87713623046875
V0773,673869.9091909033,3312820.371034871,1143.5323486328125
V0774,573369.9091909033,3312790.371034871,308.9270935058594
V0775,644169.9091909033,3312790.371034871,164.51748657226562
V0776,593889.9091909033,3312760.371034871,234.06654357910156
V0777,636579.9091909033,3312760.371034871,353.60888671875
V0778,653289.9091909033,3312760.371034871,345.9346008300781
V0779,676779.9091909033,3312760.371034871,1187.3023681640625
V0780,581169.9091909033,3312700.371034871,539.13427734375
V0781,609309.9091909033,3312700.371034871,494.8648681640625
V0782,651309.9091909033,3312700.371034871,531.7142333984375
V0783,663159.9091909033,3312610.371034871,460.5023498535156
V0784,570849.9091909033,3312550.371034871,354.0585021972656
V0785,661779.9091909033,3312550.371034871,471.3561706542969
V0786,591009.9091909033,3312520.371034871,263.5911865234375
V0787,611739.9091909033,3312490.371034871,798.8692626953125
V0788,623169.9091909033,3312460.371034871,331.024169921875
V0789,576789.9091909033,3312430.371034871,501.81353759765625
V0790,578319.9091909033,3312400.371034871,604.7479248046875
V0791,631599.9091909033,3312400.371034871,243.22293090820312
V0792,551679.9091909033,3312340.371034871,499.3227233886719
V0793,564309.9091909033,3312340.371034871,530.7135009765625
V0794,566079.9091909033,3312340.371034871,480.8396301269531
V0795,548559.9091909033,3312310.371034871,384.4024353027344
V0796,603249.9091909033,3312280.371034871,668.0994262695312
V0797,646779.9091909033,3312280.371034871,482.0229797363281
V0798,656769.9091909033,3312280.371034871,301.2733459472656
V0799,588309.9091909033,3312250.371034871,229.05783081054688
V0800,545739.9091909033,3312220.371034871,458.7082824707031
V0801,595959.9091909033,3312220.371034871,624.6119384765625
V0802,626739.9091909033,3312220.371034871,507.87518310546875
V0803,628239.9091909033,3312220.371034871,354.642333984375
V0804,640779.9091909033,3312190.371034871,187.5352783203125
V0805,556359.9091909033,3312160.371034871,448.9848937988281
V0806,666639.9091909033,3312070.371034871,593.2998657226562
V0807,616599.9091909033,3312040.371034871,449.0130615234375
V0808,619059.9091909033,3312040.371034871,589.205078125
V0809,671589.9091909033,3312040.371034871,741.4093627929688
V0810,558909.9091909033,3311950.371034871,667.1476440429688
V0811,613569.9091909033,3310570.371034871,642.415771484375
V0812,568449.9091909033,3310510.371034871,291.950439453125
V0813,581529.9091909033,3310510.371034871,408.8891906738281
V0814,606549.9091909033,3310510.371034871,521.8773803710938
V0815,550869.9091909033,3310480.371034871,313.0628967285156
V0816,573939.9091909033,3310480.371034871,417.1142883300781
V0817,579099.9091909033,3310480.371034871,417.66748046875
V0818,583389.9091909033,3310480.371034871,338.9310607910156
V0819,633369.9091909033,3310480.371034871,165.65283203125
V0820,650889.9091909033,3310480.371034871,288.2686767578125
V0821,576639.9091909033,3310450.371034871,352.3890686035156
V0822,586509.9091909033,3310450.371034871,247.21591186523438
V0823,648399.9091909033,3310360.371034871,419.686279296875
V0824,556089.9091909033,3310330.371034871,550.3919067382812
V0825,640749.9091909033,3310330.371034871,143.75108337402344
V0826,608229.9091909033,3310300.371034871,436.2133483886719
V0827,566589.9091909033,3310270.371034871,413.8338928222656
V0828,636789.9091909033,3310240.371034871,157.33822631835938
V0829,658239.9091909033,3310210.371034871,242.9586944580078
V0830,544299.9091909033,3310180.371034871,294.8686828613281
V0831,588189.9091909033,3310180.371034871,245.3279571533203
V0832,595659.9091909033,3310180.371034871,441.17938232421875
V0833,676509.9091909033,3310180.371034871,1098.16259765625
V0834,629319.9091909033,3310120.371034871,340.4151306152344
V0835,630669.9091909033,3310120.371034871,302.56610107421875
V0836,664299.9091909033,3310090.371034871,502.37335205078125
V0837,590679.9091909033,3310060.371034871,213.97073364257812
V0838,661809.9091909033,3310000.371034871,431.40228271484375
V0839,673149.9091909033,3310000.371034871,939.9683227539062
V0840,656799.9091909033,3309970.371034871,268.50225830078125
V0841,548589.9091909033,3309940.371034871,431.9417419433594
V0842,545679.9091909033,3309910.371034871,441.7775573730469
V0843,668169.9091909033,3309910.371034871,544.30908203125
V0844,570969.9091909033,3309880.371034871,244.59222412109375
V0845,654309.9091909033,3309880.371034871,326.537353515625
V0846,611799.9091909033,3309850.371034871,668.5986938476562
V0847,646299.9091909033,3309820.371034871,441.60430908203125
V0848,666819.9091909033,3309820.371034871,397.068603515625
V0849,639279.9091909033,3309760.371034871,150.6494598388672
V0850,620889.9091909033,3309670.371034871,375.064697265625
V0851,618249.9091909033,3309640.371034871,535.2892456054688
V0852,598299.9091909033,3309610.371034871,334.64306640625
V0853,601689.9091909033,3309610.371034871,409.91143798828125
V0854,671679.9091909033,3309610.371034871,845.7957763671875
V0855,616659.9091909033,3309580.371034871,746.433349609375
V0856,563499.9091909033,3309550.371034871,386.99853515625
V0857,624129.9091909033,3309550.371034871,426.2340393066406
V0858,644139.9091909033,3309550.371034871,317.7450256347656
V0859,561129.9091909033,3309520.371034871,530.4367065429688
V0860,594009.9091909033,3309520.371034871,427.947509765625
V0861,625869.9091909033,3309520.371034871,524.4601440429688
V0862,603729.9091909033,3309490.371034871,413.451171875
V0863,558489.9091909033,3309460.371034871,597.47509765625
V0864,553749.9091909033,3309400.371034871,374.4595031738281
V0865,576249.9091909033,3308110.371034871,282.8243713378906
V0866,555999.9091909033,3308050.371034871,720.745361328125
V0867,611019.9091909033,3308050.371034871,525.5709228515625
V0868,636459.9091909033,3308050.371034871,156.45387268066406
V0869,673509.9091909033,3308050.371034871,740.2166748046875
V0870,550929.9091909033,3308020.371034871,409.8905029296875
V0871,554109.9091909033,3307990.371034871,534.2730712890625
V0872,663429.9091909033,3307990.371034871,462.6217041015625
V0873,666639.9091909033,3307960.371034871,409.0785827636719
V0874,560829.9091909033,3307930.371034871,370.81939697265625
V0875,558279.9091909033,3307900.371034871,536.6868896484375
V0876,624129.9091909033,3307900.371034871,375.68756103515625
V0877,630849.9091909033,3307840.371034871,165.74203491210938
V0878,601689.9091909033,3307810.371034871,380.39056396484375
V0879,638829.9091909033,3307810.371034871,144.79225158691406
V0880,670719.9091909033,3307810.371034871,780.9115600585938
V0881,591399.9091909033,3307780.371034871,414.8682861328125
V0882,596529.9091909033,3307750.371034871,458.6590576171875
V0883,628629.9091909033,3307750.371034871,177.03521728515625
V0884,546789.9091909033,3307690.371034871,186.18283081054688
V0885,581799.9091909033,3307690.371034871,396.1683044433594
V0886,645669.9091909033,3307690.371034871,351.000244140625
V0887,651039.9091909033,3307660.371034871,420.3729553222656
V0888,655749.9091909033,3307660.371034871,281.3976135253906
V0889,625779.9091909033,3307630.371034871,484.82568359375
V0890,613989.9091909033,3307600.371034871,777.051513671875
V0891,620679.9091909033,3307570.371034871,401.1954040527344
V0892,676329.9091909033,3307570.371034871,925.9501342773438
V0893,615639.9091909033,3307510.371034871,597.5818481445312
V0894,643179.9091909033,3307390.371034871,322.8621826171875
V0895,598239.9091909033,3307360.371034871,383.8758239746094
V0896,568449.9091909033,3307330.371034871,226.70831298828125
V0897,589089.9091909033,3307300.371034871,514.4852905273438
V0898,608199.9091909033,3307270.371034871,428.9678649902344
V0899,563949.9091909033,3307240.371034871,318.3414306640625
V0900,633399.9091909033,3307240.371034871,162.36904907226562
V0901,594249.9091909033,3307210.371034871,402.8633117675781
V0902,661479.9091909033,3307210.371034871,589.210205078125
V0903,654219.9091909033,3307180.371034871,316.6822814941406
V0904,570969.9091909033,3307120.371034871,296.5769958496094
V0905,543999.9091909033,3307090.371034871,387.5245666503906
V0906,604059.9091909033,3307030.371034871,310.3657531738281
V0907,566319.9091909033,3307000.371034871,283.35064697265625
V0908,574029.9091909033,3307000.371034871,325.43817138671875
V0909,648969.9091909033,3306970.371034871,252.78387451171875
V0910,658569.9091909033,3306970.371034871,441.4732971191406
V0911,548919.9091909033,3306940.371034871,280.99688720703125
V0912,583779.9091909033,3306940.371034871,283.0376281738281
V0913,618849.9091909033,3306940.371034871,440.2965087890625
V0914,641379.9091909033,3306940.371034871,178.5259552001953
V0915,668559.9091909033,3306940.371034871,398.82550048828125
V0916,578739.9091909033,3306910.371034871,327.20849609375
V0917,586239.9091909033,3306910.371034871,281.3111877441406
V0918,606249.9091909033,3306910.371034871,732.7255249023438
V0919,573729.9091909033,3305620.371034871,277.9702453613281
V0920,588669.9091909033,3305590.371034871,668.9625854492188
V0921,596349.9091909033,3305590.371034871,684.4063110351562
V0922,566409.9091909033,3305560.371034871,274.90899658203125
V0923,623979.9091909033,3305560.371034871,282.9740295410156
V0924,626169.9091909033,3305560.371034871,189.5831298828125
V0925,666009.9091909033,3305560.371034871,553.0028076171875
V0926,583449.9091909033,3305530.371034871,668.9642944335938
V0927,586329.9091909033,3305530.371034871,786.3796997070312
V0928,606219.9091909033,3305530.371034871,720.9776611328125
V0929,631089.9091909033,3305530.371034871,151.7257080078125
V0930,660999.9091909033,3305530.371034871,680.6499633789062
V0931,673989.9091909033,3305500.371034871,859.3135986328125
V0932,618489.9091909033,3305470.371034871,650.27294921875
V0933,551019.9091909033,3305440.371034871,612.5990600585938
V0934,563439.9091909033,3305440.371034871,286.8602294921875
V0935,621249.9091909033,3305410.371034871,351.058837890625
V0936,643299.9091909033,3305410.371034871,240.11109924316406
V0937,545769.9091909033,3305380.371034871,254.24496459960938
V0938,663729.9091909033,3305350.371034871,510.3963623046875
V0939,571599.9091909033,3305320.371034871,282.1114807128906
V0940,611739.9091909033,3305290.371034871,390.9156494140625
V0941,560709.9091909033,3305260.371034871,294.29351806640625
V0942,639279.9091909033,3305260.371034871,215.51889038085938
V0943,634119.9091909033,3305230.371034871,153.90158081054688
V0944,549309.9091909033,3305200.371034871,614.6468505859375
V0945,568329.9091909033,3305170.371034871,223.67079162597656
V0946,656799.9091909033,3305140.371034871,361.3969421386719
V0947,558819.9091909033,3305050.371034871,365.76031494140625
V0948,614109.9091909033,3305050.371034871,870.574951171875
V0949,641469.9091909033,3304930.371034871,319.4341735839844
V0950,576669.9091909033,3304900.371034871,239.15284729003906
V0951,578349.9091909033,3304900.371034871,280.38665771484375
V0952,593799.9091909033,3304870.371034871,481.601806640625
V0953,675669.9091909033,3304840.371034871,643.8614501953125
V0954,628209.9091909033,3304810.371034871,168.4671630859375
V0955,600759.9091909033,3304750.371034871,562.9241943359375
V0956,599259.9091909033,3304720.371034871,488.9566650390625
V0957,668229.9091909033,3304720.371034871,793.162841796875
V0958,590769.9091909033,3304690.371034871,580.3137817382812
V0959,648399.9091909033,3304690.371034871,380.5346374511719
V0960,650889.9091909033,3304690.371034871,537.8005981445312
V0961,659229.9091909033,3304690.371034871,488.74072265625
V0962,636159.9091909033,3304660.371034871,155.5918731689453
V0963,553299.9091909033,3304630.371034871,573.0042724609375
V0964,543489.9091909033,3304570.371034871,440.6253356933594
V0965,654099.9091909033,3304570.371034871,419.2673034667969
V0966,645879.9091909033,3304540.371034871,250.38172912597656
V0967,671589.9091909033,3304540.371034871,546.5407104492188
V0968,608589.9091909033,3304510.371034871,772.3943481445312
V0969,581229.9091909033,3304480.371034871,363.741943359375
V0970,556389.9091909033,3304450.371034871,431.777587890625
V0971,603609.9091909033,3304450.371034871,711.1968383789062
V0972,616239.9091909033,3304420.371034871,510.9447937011719
V0973,551229.9091909033,3303100.371034871,515.0104370117188
V0974,616239.9091909033,3303100.371034871,498.498779296875
V0975,668739.9091909033,3303100.371034871,1049.7874755859375
V0976,583569.9091909033,3303070.371034871,320.70489501953125
V0977,596409.9091909033,3303070.371034871,495.1044921875
V0978,603669.9091909033,3303070.371034871,678.885009765625
V0979,588669.9091909033,3303040.371034871,339.0622863769531
V0980,671019.9091909033,3303040.371034871,673.2725830078125
V0981,555939.9091909033,3303010.371034871,275.9490661621094
V0982,578979.9091909033,3303010.371034871,243.933349609375
V0983,650949.9091909033,3303010.371034871,489.4822082519531
V0984,549069.9091909033,3302980.371034871,379.73260498046875
V0985,599109.9091909033,3302980.371034871,550.0735473632812
V0986,676599.9091909033,3302980.371034871,571.8968505859375
V0987,618519.9091909033,3302950.371034871,421.42059326171875
V0988,661119.9091909033,3302920.371034871,493.2326354980469
V0989,554199.9091909033,3302890.371034871,469.5757141113281
V0990,576339.9091909033,3302890.371034871,239.83201599121094
V0991,628299.9091909033,3302890.371034871,157.35353088378906
V0992,654189.9091909033,3302890.371034871,264.01025390625
V0993,666459.9091909033,3302890.371034871,885.4938354492188
V0994,561339.9091909033,3302860.371034871,419.7184753417969
V0995,613269.9091909033,3302860.371034871,518.1819458007812
V0996,620829.9091909033,3302860.371034871,178.8492431640625
V0997,591669.9091909033,3302830.371034871,333.4489440917969
V0998,586059.9091909033,3302740.371034871,275.015869140625
V0999,563859.9091909033,3302710.371034871,292.57568359375
V1000,634209.9091909033,3302710.371034871,179.5105438232422
V1001,581769.9091909033,3302680.371034871,266.1502685546875
V1002,594309.9091909033,3302680.371034871,393.7672119140625
V1003,625689.9091909033,3302680.371034871,166.44839477539062
V1004,674319.9091909033,3302650.371034871,532.830078125
V1005,606819.9091909033,3302620.371034871,682.5137939453125
V1006,568179.9091909033,3302530.371034871,183.004638671875
V1007,640689.9091909033,3302530.371034871,203.77061462402344
V1008,663459.9091909033,3302530.371034871,658.7281494140625
V1009,559149.9091909033,3302410.371034871,373.9539794921875
V1010,566769.9091909033,3302290.371034871,202.25946044921875
V1011,659259.9091909033,3302290.371034871,394.0739440917969
V1012,609129.9091909033,3302260.371034871,598.8937377929688
V1013,631359.9091909033,3302260.371034871,135.07102966308594
V1014,646329.9091909033,3302260.371034871,204.4634246826172
V1015,610719.9091909033,3302230.371034871,496.62432861328125
V1016,545919.9091909033,3302200.371034871,372.0283508300781
V1017,601749.9091909033,3302200.371034871,443.60003662109375
V1018,643269.9091909033,3302140.371034871,288.8179626464844
V1019,543489.9091909033,3302110.371034871,371.5090026855469
V1020,573999.9091909033,3302110.371034871,224.63868713378906
V1021,623319.9091909033,3302110.371034871,160.0606231689453
V1022,571629.9091909033,3302080.371034871,174.2615203857422
V1023,636669.9091909033,3302080.371034871,317.8795471191406
V1024,656619.9091909033,3302050.371034871,484.22454833984375
V1025,638379.9091909033,3302020.371034871,431.2076721191406
V1026,648639.9091909033,3301930.371034871,495.9625549316406
V1027,548889.9091909033,3300580.371034871,192.78590393066406
V1028,601119.9091909033,3300580.371034871,306.04833984375
V1029,608799.9091909033,3300580.371034871,415.53106689453125
V1030,591399.9091909033,3300550.371034871,368.3138427734375
V1031,545949.9091909033,3300520.371034871,233.25091552734375
V1032,606549.9091909033,3300520.371034871,411.12445068359375
V1033,610929.9091909033,3300520.371034871,268.5884094238281
V1034,638469.9091909033,3300520.371034871,174.50753784179688
V1035,576579.9091909033,3300490.371034871,331.0486145019531
V1036,613929.9091909033,3300490.371034871,393.6371154785156
V1037,675939.9091909033,3300460.371034871,351.51727294921875
V1038,558399.9091909033,3300430.371034871,363.0700988769531
V1039,648279.9091909033,3300400.371034871,369.7662353515625
V1040,666519.9091909033,3300280.371034871,557.1371459960938
V1041,669099.9091909033,3300220.371034871,544.9217529296875
V1042,670689.9091909033,3300220.371034871,601.4817504882812
V1043,643209.9091909033,3300190.371034871,412.96240234375
V1044,583209.9091909033,3300160.371034871,381.7478332519531
V1045,580659.9091909033,3300100.371034871,336.024658203125
V1046,626469.9091909033,3300070.371034871,139.83546447753906
V1047,544179.9091909033,3300040.371034871,335.67779541015625
V1048,565659.9091909033,3300010.371034871,257.98773193359375
V1049,615729.9091909033,3300010.371034871,227.94668579101562
V1050,641829.9091909033,3300010.371034871,367.18310546875
V1051,636399.9091909033,3299980.371034871,250.9888916015625
V1052,551649.9091909033,3299950.371034871,336.1680603027344
V1053,596529.9091909033,3299920.371034871,315.4012145996094
V1054,571569.9091909033,3299890.371034871,466.5984802246094
V1055,620799.9091909033,3299890.371034871,177.88523864746094
V1056,586689.9091909033,3299860.371034871,478.67950439453125
V1057,588249.9091909033,3299860.371034871,529.2701416015625
V1058,618399.9091909033,3299860.371034871,190.2337646484375
V1059,646359.9091909033,3299860.371034871,331.39642333984375
V1060,573159.9091909033,3299830.371034871,318.5481262207031
V1061,579279.9091909033,3299800.371034871,370.2082214355469
V1062,658209.9091909033,3299770.371034871,407.6503601074219
V1063,664269.9091909033,3299770.371034871,574.4761352539062
V1064,594129.9091909033,3299710.371034871,410.5980529785156
V1065,628239.9091909033,3299710.371034871,154.14915466308594
V1066,631419.9091909033,3299710.371034871,199.56602478027344
V1067,560829.9091909033,3299680.371034871,336.3697204589844
V1068,603789.9091909033,3299680.371034871,344.94659423828125
V1069,623709.9091909033,3299680.371034871,174.10848999023438
V1070,633639.9091909033,3299680.371034871,247.17127990722656
V1071,673299.9091909033,3299680.371034871,388.2531433105469
V1072,651489.9091909033,3299590.371034871,293.1668395996094
V1073,661629.9091909033,3299590.371034871,418.42694091796875
V1074,554109.9091909033,3299560.371034871,346.08087158203125
V1075,555879.9091909033,3299530.371034871,375.03546142578125
V1076,569049.9091909033,3299530.371034871,434.8257141113281
V1077,563709.9091909033,3299500.371034871,292.7981262207031
V1078,598479.9091909033,3299500.371034871,387.8223571777344
V1079,653439.9091909033,3299500.371034871,426.5207824707031
V1080,656229.9091909033,3299410.371034871,775.8796997070312
V1081,551379.9091909033,3298090.371034871,554.48876953125
V1082,616299.9091909033,3298090.371034871,183.55477905273438
V1083,618819.9091909033,3298090.371034871,172.1685028076172
V1084,561339.9091909033,3298060.371034871,349.640380859375
V1085,663969.9091909033,3298060.371034871,598.2776489257812
V1086,595929.9091909033,3298030.371034871,364.6505126953125
V1087,543399.9091909033,3297970.371034871,204.39918518066406
V1088,606399.9091909033,3297940.371034871,338.96759033203125
V1089,634149.9091909033,3297910.371034871,222.7899627685547
V1090,643869.9091909033,3297910.371034871,380.36541748046875
V1091,670839.9091909033,3297910.371034871,444.9573059082031
V1092,601689.9091909033,3297880.371034871,427.14324951171875
V1093,563229.9091909033,3297820.371034871,231.61085510253906
V1094,628389.9091909033,3297790.371034871,188.1194305419922
V1095,586389.9091909033,3297760.371034871,371.5948486328125
V1096,599289.9091909033,3297760.371034871,500.8051452636719
V1097,636759.9091909033,3297760.371034871,206.00807189941406
V1098,571389.9091909033,3297730.371034871,432.5416564941406
V1099,638919.9091909033,3297730.371034871,223.18142700195312
V1100,655659.9091909033,3297700.371034871,469.0411071777344
V1101,668169.9091909033,3297700.371034871,579.8900756835938
V1102,584199.9091909033,3297670.371034871,438.3984069824219
V1103,558279.9091909033,3297640.371034871,431.94451904296875
V1104,641439.9091909033,3297640.371034871,341.4848327636719
V1105,614289.9091909033,3297610.371034871,206.3068389892578
V1106,546399.9091909033,3297580.371034871,378.8884582519531
V1107,631449.9091909033,3297580.371034871,174.05787658691406
V1108,660669.9091909033,3297550.371034871,526.0974731445312
V1109,609009.9091909033,3297520.371034871,387.1892395019531
V1110,553179.9091909033,3297460.371034871,321.4459228515625
V1111,581079.9091909033,3297460.371034871,528.6868896484375
V1112,666819.9091909033,3297460.371034871,825.1405029296875
V1113,594309.9091909033,3297430.371034871,314.5130615234375
V1114,548589.9091909033,3297400.371034871,536.4205322265625
V1115,574299.9091909033,3297370.371034871,577.3722534179688
V1116,674079.9091909033,3297370.371034871,416.8280944824219
V1117,654309.9091909033,3297340.371034871,576.4599609375
V1118,625689.9091909033,3297280.371034871,197.6139678955078
V1119,676749.9091909033,3297280.371034871,558.3548583984375
V1120,566259.9091909033,3297250.371034871,241.20835876464844
V1121,610869.9091909033,3297250.371034871,358.9860534667969
V1122,603249.9091909033,3297220.371034871,372.78582763671875
V1123,621699.9091909033,3297130.371034871,164.08621215820312
V1124,568689.9091909033,3297070.371034871,354.7214660644531
V1125,623739.9091909033,3297070.371034871,189.9169464111328
V1126,556359.9091909033,3297040.371034871,404.835205078125
V1127,576609.9091909033,3297040.371034871,470.09649658203125
V1128,659109.9091909033,3297040.371034871,530.5265502929688
V1129,591489.9091909033,3296980.371034871,346.82745361328125
V1130,578919.9091909033,3296950.371034871,514.3172607421875
V1131,588909.9091909033,3296950.371034871,330.7305603027344
V1132,646329.9091909033,3296950.371034871,283.2772521972656
V1133,648879.9091909033,3296950.371034871,429.2332458496094
V1134,651069.9091909033,3296950.371034871,500.3212890625
V1135,556239.9091909033,3295600.371034871,239.02194213867188
V1136,651249.9091909033,3295600.371034871,427.8887939453125
V1137,553839.9091909033,3295570.371034871,240.72689819335938
V1138,573909.9091909033,3295570.371034871,623.6190185546875
V1139,606339.9091909033,3295570.371034871,211.6575927734375
V1140,578949.9091909033,3295540.371034871,408.8477783203125
V1141,613959.9091909033,3295540.371034871,164.31719970703125
V1142,603939.9091909033,3295480.371034871,197.5961456298828
V1143,570849.9091909033,3295450.371034871,585.0638427734375
V1144,675909.9091909033,3295450.371034871,383.1102600097656
V1145,668379.9091909033,3295420.371034871,690.938232421875
V1146,564189.9091909033,3295390.371034871,185.53179931640625
V1147,583599.9091909033,3295390.371034871,372.68280029296875
V1148,618279.9091909033,3295390.371034871,169.07943725585938
V1149,635829.9091909033,3295390.371034871,233.04550170898438
V1150,663249.9091909033,3295360.371034871,532.924560546875
V1151,545739.9091909033,3295300.371034871,253.8325958251953
V1152,641709.9091909033,3295300.371034871,288.3724060058594
V1153,623199.9091909033,3295240.371034871,203.7188720703125
V1154,548379.9091909033,3295180.371034871,422.12750244140625
V1155,656709.9091909033,3295180.371034871,697.9348754882812
V1156,633399.9091909033,3295150.371034871,195.44332885742188
V1157,648909.9091909033,3295120.371034871,589.6022338867188
V1158,666789.9091909033,3295120.371034871,604.1109008789062
V1159,575679.9091909033,3295060.371034871,420.13092041015625
V1160,626349.9091909033,3295060.371034871,381.06048583984375
V1161,654189.9091909033,3295030.371034871,520.1571044921875
V1162,560679.9091909033,3295000.371034871,283.5235290527344
V1163,608139.9091909033,3295000.371034871,156.42909240722656
V1164,630699.9091909033,3295000.371034871,195.27455139160156
V1165,551079.9091909033,3294970.371034871,249.9662628173828
V1166,599319.9091909033,3294940.371034871,276.5129089355469
V1167,566769.9091909033,3294910.371034871,346.356689453125
V1168,581799.9091909033,3294820.371034871,382.01519775390625
V1169,589089.9091909033,3294790.371034871,372.7395324707031
V1170,644289.9091909033,3294790.371034871,363.2198181152344
V1171,569289.9091909033,3294760.371034871,449.1692199707031
V1172,600789.9091909033,3294760.371034871,219.4696044921875
V1173,621789.9091909033,3294760.371034871,159.48983764648438
V1174,658209.9091909033,3294760.371034871,663.0977783203125
V1175,670869.9091909033,3294760.371034871,378.2605285644531
V1176,638949.9091909033,3294730.371034871,240.19845581054688
V1177,591699.9091909033,3294700.371034871,379.2618408203125
V1178,559209.9091909033,3294640.371034871,252.4343719482422
V1179,610809.9091909033,3294640.371034871,191.92269897460938
V1180,596379.9091909033,3294610.371034871,232.49217224121094
V1181,673299.9091909033,3294610.371034871,283.9794006347656
V1182,593619.9091909033,3294580.371034871,335.2347106933594
V1183,646299.9091909033,3294550.371034871,595.1360473632812
V1184,543369.9091909033,3294520.371034871,208.54684448242188
V1185,586299.9091909033,3294520.371034871,311.88006591796875
V1186,628479.9091909033,3294490.371034871,323.53912353515625
V1187,660999.9091909033,3294460.371034871,410.89959716796875
V1188,616419.9091909033,3294430.371034871,193.11575317382812
V1189,571299.9091909033,3293080.371034871,309.61932373046875
V1190,551199.9091909033,3293050.371034871,240.7183074951172
V1191,546039.9091909033,3293020.371034871,342.1354675292969
V1192,621159.9091909033,3293020.371034871,186.47198486328125
V1193,616029.9091909033,3292990.371034871,185.79795837402344
V1194,583509.9091909033,3292960.371034871,307.25885009765625
V1195,614019.9091909033,3292960.371034871,216.78619384765625
V1196,580809.9091909033,3292930.371034871,406.43890380859375
V1197,548289.9091909033,3292900.371034871,342.8202819824219
V1198,560799.9091909033,3292900.371034871,198.2838897705078
V1199,578739.9091909033,3292900.371034871,548.8557739257812
V1200,630759.9091909033,3292870.371034871,157.89764404296875
V1201,665769.9091909033,3292870.371034871,623.9552001953125
V1202,671079.9091909033,3292870.371034871,367.1136169433594
V1203,586659.9091909033,3292780.371034871,319.9255676269531
V1204,589269.9091909033,3292750.371034871,326.3022766113281
V1205,626229.9091909033,3292750.371034871,323.8634948730469
V1206,628209.9091909033,3292750.371034871,345.6116638183594
V1207,591819.9091909033,3292690.371034871,368.91510009765625
V1208,593919.9091909033,3292690.371034871,381.7535705566406
V1209,575679.9091909033,3292660.371034871,612.5382080078125
V1210,605709.9091909033,3292660.371034871,199.90176391601562
V1211,654219.9091909033,3292660.371034871,578.9178466796875
V1212,611229.9091909033,3292600.371034871,202.3309783935547
V1213,618159.9091909033,3292570.371034871,172.182861328125
V1214,660669.9091909033,3292570.371034871,585.2322387695312
V1215,553659.9091909033,3292540.371034871,255.04672241210938
V1216,636549.9091909033,3292540.371034871,205.0196990966797
V1217,651849.9091909033,3292510.371034871,945.7772827148438
V1218,568329.9091909033,3292480.371034871,336.5520935058594
V1219,643569.9091909033,3292480.371034871,283.26239013671875
V1220,658719.9091909033,3292480.371034871,888.7582397460938
V1221,574299.9091909033,3292450.371034871,567.7252197265625
V1222,596229.9091909033,3292420.371034871,421.7357482910156
V1223,623319.9091909033,3292420.371034871,186.17491149902344
V1224,656559.9091909033,3292420.371034871,937.1421508789062
V1225,566589.9091909033,3292390.371034871,327.2016296386719
V1226,598179.9091909033,3292390.371034871,301.288818359375
V1227,639309.9091909033,3292390.371034871,266.6674499511719
V1228,648879.9091909033,3292390.371034871,514.4469604492188
V1229,663729.9091909033,3292360.371034871,774.4129638671875
V1230,676809.9091909033,3292330.371034871,329.98040771484375
V1231,543219.9091909033,3292300.371034871,386.6739501953125
V1232,603579.9091909033,3292270.371034871,246.9204864501953
V1233,674289.9091909033,3292270.371034871,368.80780029296875
V1234,633339.9091909033,3292060.371034871,132.90399169921875
V1235,558879.9091909033,3292030.371034871,322.2259521484375
V1236,668379.9091909033,3292030.371034871,680.4512939453125
V1237,556509.9091909033,3292000.371034871,265.7145690917969
V1238,564039.9091909033,3292000.371034871,294.32049560546875
V1239,646449.9091909033,3291970.371034871,445.3648986816406
V1240,608619.9091909033,3291940.371034871,199.16209411621094
V1241,641049.9091909033,3291940.371034871,336.4763488769531
V1242,601239.9091909033,3291910.371034871,253.6314239501953
V1243,558759.9091909033,3290590.371034871,191.0957489013672
V1244,578679.9091909033,3290590.371034871,376.44415283203125
V1245,596079.9091909033,3290590.371034871,386.1435241699219
V1246,668559.9091909033,3290590.371034871,419.6937561035156
V1247,581589.9091909033,3290500.371034871,323.1671142578125
V1248,653619.9091909033,3290500.371034871,836.3012084960938
V1249,546639.9091909033,3290470.371034871,245.13522338867188
V1250,613719.9091909033,3290470.371034871,222.37974548339844
V1251,609069.9091909033,3290350.371034871,291.24859619140625
V1252,641619.9091909033,3290350.371034871,343.34564208984375
V1253,624129.9091909033,3290320.371034871,142.6170196533203
V1254,661059.9091909033,3290320.371034871,587.5411987304688
V1255,673359.9091909033,3290320.371034871,162.14358520507812
V1256,643869.9091909033,3290290.371034871,411.9933166503906
V1257,631389.9091909033,3290260.371034871,251.70928955078125
V1258,676779.9091909033,3290260.371034871,426.86187744140625
V1259,618189.9091909033,3290230.371034871,186.37477111816406
V1260,628209.9091909033,3290230.371034871,230.7485809326172
V1261,550689.9091909033,3290200.371034871,313.929931640625
V1262,638649.9091909033,3290200.371034871,254.246337890625
V1263,600669.9091909033,3290140.371034871,289.60076904296875
V1264,658389.9091909033,3290140.371034871,614.8907470703125
V1265,599199.9091909033,3290110.371034871,370.931884765625
V1266,666819.9091909033,3290110.371034871,361.933837890625
V1267,554109.9091909033,3290050.371034871,251.94891357421875
V1268,603519.9091909033,3290050.371034871,351.7543029785156
V1269,590739.9091909033,3289930.371034871,319.48968505859375
V1270,616149.9091909033,3289930.371034871,246.10296630859375
V1271,670659.9091909033,3289930.371034871,254.3779296875
V1272,549159.9091909033,3289900.371034871,386.115966796875
V1273,634119.9091909033,3289870.371034871,179.1658172607422
V1274,556809.9091909033,3289840.371034871,282.7776794433594
V1275,565689.9091909033,3289780.371034871,345.6662902832031
V1276,650829.9091909033,3289780.371034871,934.9314575195312
V1277,626559.9091909033,3289750.371034871,238.98599243164062
V1278,571749.9091909033,3289720.371034871,793.9984741210938
V1279,575739.9091909033,3289720.371034871,712.45068359375
V1280,606279.9091909033,3289720.371034871,351.645751953125
V1281,635859.9091909033,3289720.371034871,311.2752685546875
V1282,594129.9091909033,3289660.371034871,343.87225341796875
V1283,584199.9091909033,3289630.371034871,510.667236328125
V1284,543939.9091909033,3289600.371034871,296.0343933105469
V1285,620919.9091909033,3289600.371034871,144.87155151367188
V1286,663579.9091909033,3289600.371034871,702.9476318359375
V1287,574119.9091909033,3289570.371034871,873.8865966796875
V1288,564039.9091909033,3289540.371034871,507.916015625
V1289,589059.9091909033,3289540.371034871,334.715576171875
V1290,610869.9091909033,3289540.371034871,308.3392333984375
V1291,561279.9091909033,3289450.371034871,337.2171630859375
V1292,568929.9091909033,3289450.371034871,643.08056640625
V1293,586119.9091909033,3289450.371034871,352.9612121582031
V1294,646209.9091909033,3289450.371034871,435.61810302734375
V1295,648549.9091909033,3289450.371034871,733.3662109375
V1296,656139.9091909033,3289450.371034871,555.3998413085938
V1297,673749.9091909033,3288100.371034871,295.2424011230469
V1298,591339.9091909033,3288070.371034871,234.60275268554688
V1299,571479.9091909033,3288040.371034871,764.3948974609375
V1300,584049.9091909033,3288010.371034871,449.6233825683594
V1301,665919.9091909033,3287980.371034871,604.0433959960938
V1302,568449.9091909033,3287950.371034871,604.2097778320312
V1303,573309.9091909033,3287920.371034871,640.0850219726562
V1304,586149.9091909033,3287920.371034871,393.833251953125
V1305,594159.9091909033,3287860.371034871,277.7789611816406
V1306,608649.9091909033,3287830.371034871,359.3573913574219
V1307,606279.9091909033,3287800.371034871,395.45440673828125
V1308,641079.9091909033,3287800.371034871,298.04010009765625
V1309,610779.9091909033,3287770.371034871,254.2104034423828
V1310,664059.9091909033,3287770.371034871,987.695068359375
V1311,544059.9091909033,3287740.371034871,310.11639404296875
V1312,614169.9091909033,3287740.371034871,271.1585388183594
V1313,625839.9091909033,3287740.371034871,188.48406982421875
V1314,631689.9091909033,3287740.371034871,311.3139343261719
V1315,668199.9091909033,3287740.371034871,369.6266174316406
V1316,553359.9091909033,3287680.371034871,334.40234375
V1317,576189.9091909033,3287680.371034871,437.8301696777344
V1318,596169.9091909033,3287680.371034871,316.85662841796875
V1319,621669.9091909033,3287680.371034871,183.26913452148438
V1320,653169.9091909033,3287680.371034871,600.58056640625
V1321,559299.9091909033,3287650.371034871,377.5577392578125
V1322,650739.9091909033,3287650.371034871,824.9154663085938
V1323,600669.9091909033,3287590.371034871,279.5286865234375
V1324,603369.9091909033,3287560.371034871,346.6628723144531
V1325,638229.9091909033,3287560.371034871,359.13299560546875
V1326,671799.9091909033,3287560.371034871,177.78887939453125
V1327,615699.9091909033,3287500.371034871,208.81552124023438
V1328,561819.9091909033,3287470.371034871,438.97540283203125
V1329,549189.9091909033,3287410.371034871,280.47064208984375
V1330,658329.9091909033,3287410.371034871,711.2113647460938
V1331,551799.9091909033,3287320.371034871,177.51571655273438
V1332,648339.9091909033,3287320.371034871,1198.6092529296875
V1333,618279.9091909033,3287290.371034871,165.59649658203125
V1334,545859.9091909033,3287200.371034871,284.6036682128906
V1335,579219.9091909033,3287200.371034871,487.79718017578125
V1336,623289.9091909033,3287170.371034871,171.9217071533203
V1337,656709.9091909033,3287170.371034871,529.7710571289062
V1338,556719.9091909033,3287140.371034871,400.83392333984375
V1339,599229.9091909033,3287140.371034871,249.45188903808594
V1340,580899.9091909033,3287110.371034871,702.3529052734375
V1341,629199.9091909033,3287110.371034871,171.48216247558594
V1342,645789.9091909033,3287110.371034871,1193.568359375
V1343,635859.9091909033,3287080.371034871,293.8861083984375
V1344,676659.9091909033,3287080.371034871,926.2991333007812
V1345,588819.9091909033,3287050.371034871,551.54931640625
V1346,563529.9091909033,3286990.371034871,658.6817016601562
V1347,644049.9091909033,3286990.371034871,560.006591796875
V1348,661539.9091909033,3286990.371034871,634.7391357421875
V1349,633969.9091909033,3286960.371034871,341.29290771484375
V1350,566079.9091909033,3286930.371034871,457.2854309082031
V1351,563709.9091909033,3285580.371034871,616.671875
V1352,618579.9091909033,3285580.371034871,176.35301208496094
V1353,663549.9091909033,3285580.371034871,676.7601928710938
V1354,644019.9091909033,3285520.371034871,554.25634765625
V1355,608409.9091909033,3285490.371034871,336.79425048828125
V1356,551019.9091909033,3285460.371034871,376.52447509765625
V1357,583989.9091909033,3285460.371034871,437.6539306640625
V1358,561099.9091909033,3285430.371034871,752.284423828125
V1359,651579.9091909033,3285430.371034871,721.1268310546875
V1360,571719.9091909033,3285370.371034871,640.7425537109375
V1361,573219.9091909033,3285280.371034871,570.3153076171875
V1362,543189.9091909033,3285250.371034871,233.7917022705078
V1363,555909.9091909033,3285250.371034871,527.0682983398438
V1364,615699.9091909033,3285220.371034871,181.81356811523438
V1365,631239.9091909033,3285220.371034871,275.1583251953125
V1366,548169.9091909033,3285190.371034871,272.47625732421875
V1367,611709.9091909033,3285130.371034871,322.3753356933594
V1368,623199.9091909033,3285100.371034871,137.2383575439453
V1369,588219.9091909033,3285070.371034871,522.3549194335938
V1370,600909.9091909033,3285040.371034871,330.5361328125
V1371,628359.9091909033,3285040.371034871,168.55844116210938
V1372,596319.9091909033,3285010.371034871,242.08592224121094
V1373,634329.9091909033,3285010.371034871,270.93426513671875
V1374,646839.9091909033,3285010.371034871,981.7839965820312
V1375,648129.9091909033,3285010.371034871,817.6314086914062
V1376,659349.9091909033,3285010.371034871,599.8583374023438
V1377,676809.9091909033,3285010.371034871,696.9912109375
V1378,568449.9091909033,3284950.371034871,762.4953002929688
V1379,613299.9091909033,3284950.371034871,254.9254608154297
V1380,621729.9091909033,3284950.371034871,165.5984344482422
V1381,545679.9091909033,3284920.371034871,181.9757537841797
V1382,605919.9091909033,3284920.371034871,356.18634033203125
V1383,656469.9091909033,3284890.371034871,893.0538940429688
V1384,590859.9091909033,3284860.371034871,317.95648193359375
V1385,576669.9091909033,3284770.371034871,565.2369384765625
V1386,654249.9091909033,3284770.371034871,898.3048095703125
V1387,668199.9091909033,3284770.371034871,299.9433288574219
V1388,593229.9091909033,3284710.371034871,236.1097412109375
V1389,661719.9091909033,3284680.371034871,885.4920654296875
V1390,635799.9091909033,3284620.371034871,367.51318359375
V1391,625839.9091909033,3284590.371034871,175.17648315429688
V1392,666519.9091909033,3284590.371034871,312.63433837890625
V1393,558459.9091909033,3284530.371034871,643.6277465820312
V1394,639099.9091909033,3284530.371034871,333.30474853515625
V1395,566529.9091909033,3284500.371034871,628.6699829101562
V1396,599049.9091909033,3284500.371034871,230.13919067382812
V1397,673449.9091909033,3284500.371034871,259.54962158203125
V1398,671139.9091909033,3284470.371034871,286.76507568359375
V1399,578589.9091909033,3284440.371034871,632.8743286132812
V1400,581319.9091909033,3284440.371034871,654.1870727539062
V1401,586059.9091909033,3284440.371034871,482.7685546875
V1402,603909.9091909033,3284440.371034871,256.54742431640625
V1403,641379.9091909033,3284440.371034871,483.7936706542969
V1404,553749.9091909033,3284410.371034871,581.44091796875
V1405,556239.9091909033,3283120.371034871,317.9619445800781
V1406,551289.9091909033,3283090.371034871,288.2743835449219
V1407,636069.9091909033,3283090.371034871,493.2380676269531
V1408,646119.9091909033,3283090.371034871,881.6661376953125
V1409,673659.9091909033,3283090.371034871,653.2880859375
V1410,573969.9091909033,3283060.371034871,444.99468994140625
V1411,559059.9091909033,3283000.371034871,385.2491455078125
V1412,585879.9091909033,3283000.371034871,486.173095703125
V1413,553599.9091909033,3282970.371034871,257.7120666503906
V1414,545829.9091909033,3282940.371034871,311.46185302734375
V1415,595809.9091909033,3282940.371034871,434.008544921875
V1416,618519.9091909033,3282910.371034871,159.76742553710938
V1417,660789.9091909033,3282880.371034871,833.1934204101562
V1418,584259.9091909033,3282820.371034871,446.6544494628906
V1419,626349.9091909033,3282820.371034871,243.74960327148438
V1420,610929.9091909033,3282790.371034871,242.5343017578125
V1421,566739.9091909033,3282760.371034871,702.2442626953125
V1422,606669.9091909033,3282760.371034871,311.5293884277344
V1423,581199.9091909033,3282730.371034871,607.1867065429688
V1424,658179.9091909033,3282700.371034871,659.7030639648438
V1425,588849.9091909033,3282670.371034871,548.7391967773438
V1426,544089.9091909033,3282640.371034871,277.04986572265625
V1427,569319.9091909033,3282610.371034871,552.7080688476562
V1428,593409.9091909033,3282610.371034871,702.422119140625
V1429,649089.9091909033,3282610.371034871,746.958740234375
V1430,629079.9091909033,3282580.371034871,239.5050048828125
V1431,651609.9091909033,3282580.371034871,872.4776611328125
V1432,549069.9091909033,3282550.371034871,375.16400146484375
V1433,621729.9091909033,3282550.371034871,265.7259521484375
V1434,668859.9091909033,3282550.371034871,343.9992370605469
V1435,641799.9091909033,3282490.371034871,1025.625244140625
V1436,623709.9091909033,3282460.371034871,196.30413818359375
V1437,675669.9091909033,3282430.371034871,484.07666015625
V1438,575679.9091909033,3282370.371034871,446.2544860839844
V1439,608829.9091909033,3282370.371034871,275.6387023925781
V1440,613539.9091909033,3282340.371034871,199.32298278808594
V1441,604059.9091909033,3282250.371034871,304.7903747558594
V1442,564249.9091909033,3282220.371034871,650.0602416992188
V1443,579249.9091909033,3282220.371034871,597.59619140625
V1444,630909.9091909033,3282220.371034871,245.65403747558594
V1445,616719.9091909033,3282190.371034871,167.96377563476562
V1446,665769.9091909033,3282160.371034871,541.9725952148438
V1447,671709.9091909033,3282160.371034871,639.0646362304688
V1448,653889.9091909033,3282070.371034871,965.8068237304688
V1449,599109.9091909033,3282040.371034871,554.2606201171875
V1450,600969.9091909033,3282010.371034871,432.92059326171875
V1451,633789.9091909033,3282010.371034871,326.2484436035156
V1452,638439.9091909033,3282010.371034871,607.7133178710938
V1453,561039.9091909033,3281980.371034871,478.0476379394531
V1454,571449.9091909033,3281980.371034871,586.6406860351562
V1455,656469.9091909033,3281980.371034871,1118.0184326171875
V1456,591399.9091909033,3281950.371034871,544.542724609375
V1457,643629.9091909033,3281950.371034871,1006.0706176757812
V1458,663609.9091909033,3281950.371034871,537.5536499023438
V1459,661239.9091909033,3280600.371034871,742.5547485351562
V1460,576099.9091909033,3280570.371034871,715.7706298828125
V1461,616179.9091909033,3280570.371034871,178.09625244140625
V1462,628929.9091909033,3280570.371034871,339.9228820800781
V1463,658689.9091909033,3280570.371034871,811.13330078125
V1464,673779.9091909033,3280570.371034871,621.2509765625
V1465,608679.9091909033,3280510.371034871,402.3851318359375
V1466,645969.9091909033,3280510.371034871,719.9539794921875
V1467,653379.9091909033,3280480.371034871,1023.9898681640625
V1468,655869.9091909033,3280480.371034871,805.706787109375
V1469,546489.9091909033,3280450.371034871,400.70306396484375
V1470,676629.9091909033,3280450.371034871,409.7722473144531
V1471,584169.9091909033,3280420.371034871,486.2821960449219
V1472,666099.9091909033,3280390.371034871,536.3388061523438
V1473,579099.9091909033,3280360.371034871,489.7971496582031
V1474,636399.9091909033,3280360.371034871,437.3385314941406
V1475,670749.9091909033,3280360.371034871,840.66064453125
V1476,611709.9091909033,3280330.371034871,282.22052001953125
V1477,580719.9091909033,3280300.371034871,566.1118774414062
V1478,556449.9091909033,3280150.371034871,574.8284301757812
V1479,618189.9091909033,3280120.371034871,262.29248046875
V1480,558159.9091909033,3280090.371034871,556.2764282226562
V1481,663579.9091909033,3280090.371034871,904.264404296875
V1482,669309.9091909033,3280060.371034871,749.1758422851562
V1483,551769.9091909033,3280030.371034871,296.14215087890625
V1484,623769.9091909033,3279970.371034871,337.7099304199219
V1485,648189.9091909033,3279910.371034871,752.3238525390625
V1486,570669.9091909033,3279850.371034871,604.3975830078125
V1487,626199.9091909033,3279850.371034871,272.0052795410156
V1488,639249.9091909033,3279850.371034871,863.2555541992188
V1489,640659.9091909033,3279820.371034871,661.9005126953125
V1490,613239.9091909033,3279790.371034871,210.78135681152344
V1491,620739.9091909033,3279790.371034871,285.8900146484375
V1492,603189.9091909033,3279760.371034871,397.5592041015625
V1493,563439.9091909033,3279730.371034871,785.8953857421875
V1494,596739.9091909033,3279730.371034871,448.83648681640625
V1495,560949.9091909033,3279700.371034871,539.1250610351562
V1496,568239.9091909033,3279700.371034871,635.3406372070312
V1497,573939.9091909033,3279670.371034871,795.1070556640625
V1498,651519.9091909033,3279670.371034871,1178.7646484375
V1499,548589.9091909033,3279640.371034871,372.3025207519531
V1500,593259.9091909033,3279640.371034871,748.539794921875
V1501,598299.9091909033,3279640.371034871,642.9024047851562
V1502,566649.9091909033,3279580.371034871,547.9889526367188
V1503,633759.9091909033,3279490.371034871,456.4168395996094
V1504,630999.9091909033,3279460.371034871,381.3310241699219
V1505,643899.9091909033,3279460.371034871,658.2403564453125
V1506,543849.9091909033,3279430.371034871,289.8271179199219
V1507,553569.9091909033,3279430.371034871,273.1866760253906
V1508,586389.9091909033,3279430.371034871,521.748779296875
V1509,591219.9091909033,3279430.371034871,734.4249267578125
V1510,601419.9091909033,3279430.371034871,469.19830322265625
V1511,606339.9091909033,3279430.371034871,394.9434814453125
V1512,588729.9091909033,3279400.371034871,939.7988891601562
V1513,588909.9091909033,3278080.371034871,848.2575073242188
V1514,593649.9091909033,3278080.371034871,477.9856872558594
V1515,646389.9091909033,3278020.371034871,847.2726440429688
V1516,598389.9091909033,3277990.371034871,481.0386047363281
V1517,551049.9091909033,3277960.371034871,412.84527587890625
V1518,670839.9091909033,3277960.371034871,377.09637451171875
V1519,570819.9091909033,3277930.371034871,585.189697265625
V1520,584169.9091909033,3277930.371034871,884.016357421875
V1521,580779.9091909033,3277900.371034871,579.991943359375
V1522,613269.9091909033,3277870.371034871,406.445068359375
V1523,568269.9091909033,3277840.371034871,688.5971069335938
V1524,590739.9091909033,3277810.371034871,618.2797241210938
V1525,618399.9091909033,3277810.371034871,301.8603515625
V1526,656739.9091909033,3277810.371034871,554.7310791015625
V1527,669249.9091909033,3277780.371034871,431.5592956542969
V1528,546579.9091909033,3277750.371034871,514.6283569335938
V1529,623169.9091909033,3277690.371034871,284.93878173828125
V1530,658359.9091909033,3277690.371034871,678.0972290039062
V1531,561819.9091909033,3277660.371034871,798.1727294921875
V1532,629319.9091909033,3277570.371034871,442.8571472167969
V1533,611799.9091909033,3277540.371034871,359.125732421875
V1534,549339.9091909033,3277510.371034871,558.2222290039062
V1535,600639.9091909033,3277510.371034871,636.2212524414062
V1536,630819.9091909033,3277510.371034871,554.2974853515625
V1537,635649.9091909033,3277510.371034871,685.3997802734375
V1538,596799.9091909033,3277480.371034871,642.9076538085938
V1539,639189.9091909033,3277450.371034871,686.8948364257812
V1540,573819.9091909033,3277420.371034871,791.0714721679688
V1541,643899.9091909033,3277420.371034871,1213.7073974609375
V1542,653259.9091909033,3277420.371034871,711.498291015625
V1543,575679.9091909033,3277390.371034871,501.3140563964844
V1544,585669.9091909033,3277390.371034871,635.2955322265625
V1545,649269.9091909033,3277390.371034871,1152.65380859375
V1546,634299.9091909033,3277330.371034871,513.2220458984375
V1547,565749.9091909033,3277240.371034871,1022.3527221679688
V1548,578349.9091909033,3277240.371034871,496.901611328125
V1549,608229.9091909033,3277210.371034871,309.478271484375
V1550,621129.9091909033,3277210.371034871,419.0906066894531
V1551,641739.9091909033,3277210.371034871,740.7155151367188
V1552,650739.9091909033,3277210.371034871,1118.099853515625
V1553,543249.9091909033,3277150.371034871,317.6067199707031
V1554,665799.9091909033,3277120.371034871,512.1654052734375
V1555,556179.9091909033,3277060.371034871,439.9945373535156
V1556,616389.9091909033,3277060.371034871,346.4127502441406
V1557,660849.9091909033,3277060.371034871,552.5416870117188
V1558,564069.9091909033,3277030.371034871,754.0420532226562
V1559,604089.9091909033,3277030.371034871,781.5660400390625
V1560,625959.9091909033,3277000.371034871,297.3841552734375
V1561,673449.9091909033,3277000.371034871,460.2810974121094
V1562,606489.9091909033,3276970.371034871,504.1687927246094
V1563,553569.9091909033,3276940.371034871,423.7191162109375
V1564,558849.9091909033,3276940.371034871,523.6970825195312
V1565,676329.9091909033,3276940.371034871,263.68829345703125
V1566,663729.9091909033,3276910.371034871,431.5672912597656
V1567,588909.9091909033,3275590.371034871,614.0330810546875
V1568,603549.9091909033,3275590.371034871,1141.0767822265625
V1569,606339.9091909033,3275590.371034871,612.8505249023438
V1570,596469.9091909033,3275560.371034871,714.7694091796875
V1571,651009.9091909033,3275560.371034871,963.968017578125
V1572,665949.9091909033,3275530.371034871,578.6268310546875
V1573,653589.9091909033,3275500.371034871,470.0288391113281
V1574,613629.9091909033,3275470.371034871,181.79168701171875
V1575,668319.9091909033,3275440.371034871,307.47296142578125
V1576,575799.9091909033,3275410.371034871,787.0821533203125
V1577,583239.9091909033,3275320.371034871,875.8753051757812
V1578,663219.9091909033,3275320.371034871,644.4110717773438
V1579,571749.9091909033,3275290.371034871,620.53564453125
V1580,551799.9091909033,3275200.371034871,520.3762817382812
V1581,568179.9091909033,3275200.371034871,666.7879638671875
V1582,643269.9091909033,3275170.371034871,1249.2586669921875
V1583,645669.9091909033,3275140.371034871,1034.4842529296875
V1584,656799.9091909033,3275140.371034871,450.46075439453125
V1585,661149.9091909033,3275140.371034871,735.59130859375
V1586,586779.9091909033,3275080.371034871,754.4932250976562
V1587,554319.9091909033,3275050.371034871,559.0150756835938
V1588,546249.9091909033,3275020.371034871,571.6287841796875
V1589,578139.9091909033,3275020.371034871,774.5972290039062
V1590,580659.9091909033,3274960.371034871,693.4979248046875
V1591,658719.9091909033,3274960.371034871,695.1152954101562
V1592,676089.9091909033,3274930.371034871,788.7131958007812
V1593,670659.9091909033,3274900.371034871,436.4612121582031
V1594,619299.9091909033,3274870.371034871,370.2519226074219
V1595,626799.9091909033,3274840.371034871,364.4300231933594
V1596,648309.9091909033,3274780.371034871,1160.422607421875
V1597,599199.9091909033,3274750.371034871,547.8622436523438
V1598,610749.9091909033,3274690.371034871,272.62200927734375
V1599,543399.9091909033,3274660.371034871,701.8880615234375
V1600,621579.9091909033,3274660.371034871,629.312255859375
V1601,640749.9091909033,3274660.371034871,1067.63330078125
V1602,673629.9091909033,3274630.371034871,455.6628723144531
V1603,634089.9091909033,3274600.371034871,614.6561279296875
V1604,565989.9091909033,3274570.371034871,851.2352905273438
V1605,561609.9091909033,3274540.371034871,698.9332275390625
V1606,591609.9091909033,3274540.371034871,468.86273193359375
V1607,601599.9091909033,3274540.371034871,1112.550537109375
V1608,615969.9091909033,3274540.371034871,384.45758056640625
V1609,639099.9091909033,3274540.371034871,1000.5552368164062
V1610,549009.9091909033,3274510.371034871,711.8633422851562
V1611,608469.9091909033,3274510.371034871,445.35614013671875
V1612,623469.9091909033,3274510.371034871,521.34912109375
V1613,629049.9091909033,3274510.371034871,480.68609619140625
V1614,556419.9091909033,3274450.371034871,442.58984375
V1615,558879.9091909033,3274450.371034871,709.6481323242188
V1616,563769.9091909033,3274450.371034871,1096.5694580078125
V1617,573879.9091909033,3274450.371034871,854.5300903320312
V1618,593559.9091909033,3274450.371034871,515.2490844726562
V1619,631419.9091909033,3274450.371034871,777.8969116210938
V1620,636399.9091909033,3274450.371034871,1058.2696533203125
